hours_studied,avg_assignment_grade,hours_slept,hours_sport,non_pineapple_pizzas,pineapple_pizzas,beers,hours_chatgpt,rubber_ducks,shoe_size,pets_owned,holiday_dream_hours,examday_temperature,pass
22.67,10.0,7.5,1.81,2,5,4,20.24,4,38,2,4.03,4.07,1
36.49,4.92,5.87,2.71,4,3,4,22.65,1,42,1,9.32,0.88,1
22.55,4.69,5.12,1.93,5,6,5,24.99,4,39,1,5.67,2.58,0
71.4,2.34,6.46,1.67,3,3,3,12.13,3,46,2,7.15,2.62,1
50.86,9.31,7.65,5.03,5,6,4,25.81,4,42,1,7.55,3.72,1
21.08,8.29,7.36,7.29,5,4,7,9.66,7,41,0,6.47,0.74,1
37.06,7.02,8.05,0.41,3,3,4,17.85,4,45,2,9.58,1.68,1
27.14,10.0,4.99,3.57,1,6,6,5.71,1,43,3,6.06,1.39,1
11.61,7.31,7.28,1.65,6,3,5,3.73,2,37,1,9.05,0.55,1
22.72,6.7,8.08,2.44,1,6,6,14.94,2,43,0,8.31,1.62,1
26.4,8.02,7.12,0.61,4,6,6,5.88,2,38,1,9.32,0.1,1
6.14,2.81,6.52,11.98,4,4,4,20.14,3,37,0,7.05,1.73,0
43.27,3.84,5.63,0.3,3,3,7,27.91,7,37,4,10.79,-0.43,1
24.55,5.61,5.23,7.2,2,4,2,9.77,5,40,0,9.85,5.23,1
55.75,6.3,5.48,14.46,7,6,4,30.51,4,39,0,11.57,1.49,1
21.33,10.0,6.59,0.48,7,5,1,25.51,8,41,1,5.97,4.52,1
23.99,9.67,7.59,4.11,4,1,9,21.21,2,40,1,13.33,0.99,0
37.43,8.97,6.5,16.17,3,6,4,19.21,4,37,0,7.63,-0.58,1
46.32,5.6,5.8,1.44,3,4,5,7.85,5,41,1,10.27,0.52,1
23.11,6.92,7.18,10.91,5,4,4,15.41,0,39,0,6.58,3.04,1
24.84,10.0,7.46,0.49,7,2,5,17.84,5,39,0,13.16,2.2,1
12.42,5.84,8.03,0.98,5,2,8,13.76,3,43,0,2.03,2.29,1
19.72,5.89,7.25,2.68,6,5,5,26.71,4,38,2,6.29,5.32,1
15.62,5.85,6.71,3.62,4,7,3,25.11,2,42,0,9.03,0.96,0
22.94,10.0,6.81,2.06,4,3,4,20.89,0,44,1,0.07,4.36,1
33.79,8.27,5.69,3.64,4,7,2,11.5,9,37,0,8.62,1.65,1
64.2,6.35,4.63,7.44,5,5,9,12.06,0,45,4,6.37,1.02,1
15.71,6.98,6.33,0.23,5,9,2,8.91,4,38,0,11.5,1.2,1
46.68,7.3,6.05,2.51,4,7,2,47.92,4,36,1,7.64,0.86,1
40.56,4.59,8.82,2.42,3,6,4,2.58,2,38,0,2.4,0.76,1
22.42,8.84,8.36,16.97,2,3,3,27.12,2,41,4,3.93,-2.06,1
8.79,7.62,6.93,0.4,5,5,6,25.65,2,37,2,6.24,1.33,0
39.85,8.07,8.25,0.3,4,4,6,22.3,0,36,0,11.73,3.63,1
45.71,6.29,7.39,0.07,7,1,8,32.86,3,39,0,2.3,-1.46,1
30.28,7.94,7.19,3.02,5,4,2,30.82,3,38,1,6.46,3.38,1
10.62,8.25,6.76,2.91,3,6,6,22.9,2,37,1,6.9,5.72,0
8.81,4.15,7.31,0.35,1,7,2,12.32,5,39,1,11.91,1.88,0
13.59,8.53,8.44,0.6,3,6,7,24.47,2,43,0,6.91,2.13,0
18.94,10.0,7.68,1.83,4,4,2,20.44,5,44,1,8.57,-0.0,1
13.45,7.76,6.99,2.58,4,3,4,23.81,0,45,1,8.19,-0.33,0
8.54,9.07,8.79,20.35,7,2,6,36.46,4,39,4,2.55,1.67,0
29.41,7.41,8.65,1.89,0,7,5,20.23,0,44,2,9.34,-1.59,1
10.31,8.28,8.73,28.59,1,4,7,5.85,3,43,2,7.84,4.54,1
18.03,5.78,5.61,6.22,1,8,4,41.54,3,46,0,11.71,1.75,0
26.93,5.57,8.49,9.85,4,4,3,16.28,2,37,1,1.28,3.5,1
14.28,7.12,6.67,11.09,1,4,3,17.18,1,40,2,9.93,0.47,1
7.59,7.9,6.04,1.02,5,4,6,4.46,3,37,3,12.36,0.24,0
42.76,7.29,5.3,2.68,4,5,7,24.16,1,39,0,7.71,1.37,1
21.93,5.02,6.86,1.56,2,3,6,23.39,4,44,0,4.5,4.58,1
3.96,4.42,4.35,2.48,4,5,6,10.31,4,37,3,10.07,-2.61,0
29.24,10.0,6.29,3.19,5,3,7,6.32,1,42,1,1.0,-0.47,1
22.44,6.77,8.6,3.93,2,4,3,36.24,5,39,1,8.3,-0.95,1
37.7,7.34,8.51,20.3,1,2,4,35.46,0,37,1,11.04,0.38,1
23.97,9.06,6.38,1.2,6,5,3,14.68,9,43,0,8.12,2.43,1
14.3,8.0,6.02,1.93,7,7,9,2.96,3,40,0,7.51,-1.01,1
16.31,5.59,8.44,0.24,3,5,6,18.76,4,46,0,10.13,0.17,0
22.32,6.05,5.65,0.23,4,6,9,22.21,5,41,2,2.76,-1.76,0
4.32,8.16,7.7,1.56,6,4,3,22.54,2,37,2,4.35,0.1,0
51.88,10.0,7.12,8.53,6,9,5,16.91,4,39,3,7.8,2.29,1
59.38,10.0,7.26,0.24,2,9,2,15.35,4,36,3,5.43,1.37,1
15.76,10.0,5.26,2.85,4,2,2,7.38,1,46,2,8.67,3.84,1
38.46,8.92,6.01,11.61,7,5,5,23.44,4,45,2,4.66,0.72,1
21.1,8.45,7.39,0.49,2,3,6,17.59,6,42,1,6.09,1.28,1
43.39,6.63,7.78,1.45,4,5,3,0.2,4,37,0,2.46,2.93,1
47.38,9.42,6.84,1.16,2,4,6,26.87,6,38,1,6.06,4.74,1
15.77,10.0,8.18,7.5,3,2,3,30.33,2,40,1,10.28,-4.73,1
43.98,9.42,8.89,1.91,5,7,6,12.19,5,46,0,2.88,3.92,1
22.64,6.44,8.55,0.14,1,7,4,22.34,1,37,0,6.06,3.49,1
11.77,6.35,5.86,0.68,4,10,2,9.68,1,40,3,8.25,1.42,1
18.88,5.7,6.91,3.16,5,3,6,25.01,8,41,1,4.6,0.54,1
35.14,8.2,9.01,1.4,3,3,7,31.55,1,37,4,4.16,1.53,1
13.52,8.98,7.22,7.87,3,2,10,9.81,2,41,1,13.14,2.29,0
30.02,8.35,7.58,11.09,4,5,5,15.49,2,46,0,8.8,0.88,1
67.77,5.98,5.58,3.72,5,5,6,19.55,2,37,1,2.3,-1.4,1
7.71,10.0,5.5,3.76,9,3,10,20.33,2,44,2,4.37,-0.15,0
40.6,10.0,7.51,0.46,3,9,8,22.13,2,41,1,7.0,1.05,1
40.51,3.74,7.3,3.92,4,6,9,14.59,3,38,1,7.22,2.17,1
15.6,8.9,3.7,8.55,4,3,5,20.27,6,44,1,6.52,2.6,1
9.91,8.73,5.05,0.34,6,4,4,23.57,3,39,0,4.42,1.48,0
32.91,8.71,5.82,4.15,4,7,4,17.12,4,41,0,0.94,4.64,1
6.02,7.35,8.04,3.41,6,2,5,16.55,2,46,0,7.92,0.59,0
55.88,7.24,6.69,1.46,4,4,4,12.74,2,37,0,7.12,2.08,1
7.25,4.85,7.36,4.22,3,4,1,15.27,2,43,2,7.66,4.41,1
22.37,1.0,6.62,0.99,4,9,2,40.44,3,42,2,6.53,-0.27,0
33.53,6.29,8.13,0.95,5,7,4,35.59,2,46,2,7.17,-0.26,1
13.61,9.17,7.59,5.54,4,5,4,19.86,3,36,2,5.43,2.8,0
20.78,5.5,7.21,13.75,6,2,5,25.07,3,42,0,7.47,-0.41,1
5.93,8.98,7.5,1.64,4,5,7,4.65,1,42,0,7.56,2.26,0
36.9,10.0,8.67,4.18,6,4,2,20.31,3,44,1,6.49,4.65,1
21.69,7.14,7.7,3.26,3,5,2,28.58,4,36,1,6.12,0.89,1
55.28,7.37,6.4,3.43,2,7,0,19.64,1,45,2,9.27,0.32,1
9.88,7.74,7.54,1.04,4,3,1,12.45,2,46,0,11.02,3.46,0
26.5,6.88,5.55,0.9,1,7,6,34.83,2,43,0,7.52,1.85,0
77.64,9.68,6.9,9.27,2,5,1,16.92,3,36,0,3.23,3.69,1
13.23,10.0,6.83,0.76,3,4,4,18.34,2,42,1,6.43,3.83,1
12.29,7.89,6.57,0.4,5,7,3,24.89,2,37,1,13.24,3.6,0
40.43,5.78,8.53,2.7,5,7,6,8.76,2,46,3,7.02,1.99,1
39.33,8.54,10.51,4.53,5,3,4,26.26,4,42,0,5.91,-2.17,1
25.16,6.22,6.74,7.95,0,8,2,19.75,4,37,0,7.1,-1.56,1
31.5,8.08,8.16,3.92,5,4,3,15.19,3,41,2,9.42,-2.04,1
38.17,10.0,6.07,3.0,4,5,6,28.12,1,42,0,3.39,0.51,1
47.48,8.03,6.04,1.39,2,4,4,4.83,1,40,0,15.17,2.43,1
15.27,7.87,6.53,4.02,5,1,1,1.19,4,44,1,5.87,2.91,1
20.8,5.89,8.39,4.85,5,3,7,22.54,3,39,2,9.34,5.5,0
19.65,7.96,8.75,3.1,7,1,9,16.45,1,37,1,5.72,-0.18,1
20.79,10.0,8.23,1.07,4,3,4,22.24,3,40,1,7.18,0.46,1
35.87,3.33,5.15,0.66,1,7,6,23.67,3,43,1,5.69,2.23,1
19.58,7.86,6.02,0.69,2,8,2,24.01,4,45,2,5.81,-2.51,1
25.36,4.38,9.7,0.97,3,3,7,5.53,2,43,0,2.97,-1.13,1
45.65,5.61,5.49,2.53,4,5,4,37.26,4,45,0,12.1,3.02,1
38.96,6.69,9.69,9.53,4,4,2,11.52,1,36,1,9.35,3.01,1
38.63,6.94,6.87,1.66,4,6,6,24.06,1,46,0,1.2,2.75,1
42.97,4.87,3.97,0.98,4,3,7,15.58,0,45,0,3.46,0.55,1
14.79,3.57,8.94,9.12,5,3,2,17.11,2,37,0,1.56,2.4,1
58.92,10.0,6.45,7.45,4,6,5,24.99,3,41,2,10.62,-1.27,1
22.39,3.66,4.86,0.09,4,6,4,25.74,2,44,3,6.49,2.39,0
19.58,5.17,6.97,0.25,4,6,5,28.18,5,41,1,11.17,3.18,1
18.51,7.24,3.8,5.01,4,5,3,43.1,2,46,1,4.39,-0.17,0
22.05,6.26,5.85,0.0,1,7,5,18.51,3,40,2,10.32,3.32,1
33.86,9.29,7.05,0.7,2,4,2,30.43,3,43,2,7.51,1.18,1
11.98,10.0,6.88,1.89,4,4,1,3.55,7,37,1,5.6,-0.13,1
15.76,6.9,7.21,1.02,3,5,9,24.94,0,41,0,1.5,-2.47,0
12.16,3.36,8.2,4.76,2,7,4,7.36,1,44,2,3.07,0.63,1
18.67,6.74,7.54,0.03,4,7,3,10.82,4,46,1,7.46,0.15,1
17.8,8.42,7.14,4.59,3,4,4,43.98,4,39,0,6.29,1.8,0
6.45,7.36,8.58,4.96,7,4,2,21.27,3,39,1,4.61,-1.83,1
30.73,7.55,7.36,4.53,6,3,2,18.62,5,43,0,12.15,2.75,1
32.34,5.35,8.26,1.03,4,8,4,42.64,3,36,0,8.14,3.29,1
22.05,5.54,8.29,1.26,3,3,3,32.89,5,38,2,2.38,-2.36,1
36.98,7.02,6.37,3.9,4,4,5,8.53,9,43,0,9.09,1.11,1
8.63,10.0,6.94,3.29,5,5,7,39.01,3,41,0,6.66,-1.41,0
23.4,4.76,5.76,2.81,4,8,7,14.44,7,45,4,5.72,-0.38,1
34.95,10.0,7.23,7.29,1,5,7,20.23,3,42,2,4.64,4.05,1
66.17,6.35,5.66,4.18,1,5,6,16.55,3,43,1,7.09,1.35,1
30.96,6.06,8.37,3.15,4,1,2,35.56,3,45,2,6.3,1.68,1
32.49,7.46,5.37,1.05,5,6,7,22.86,1,39,1,8.99,-1.37,1
37.89,9.34,4.79,1.19,2,1,6,3.58,1,39,0,4.69,5.89,1
33.28,8.08,6.63,3.92,6,2,4,22.35,4,36,2,9.18,5.56,1
21.55,4.63,8.46,5.48,3,3,8,13.69,5,36,0,3.02,2.12,1
16.32,10.0,6.09,9.73,4,6,9,24.42,1,39,0,7.03,3.37,1
26.47,7.28,7.06,1.57,4,2,2,15.57,4,37,1,9.83,1.52,1
38.88,2.82,6.44,1.21,4,4,0,16.25,6,41,2,6.0,2.71,1
31.55,7.8,7.45,2.04,3,4,5,15.68,4,45,1,11.3,6.63,1
54.17,4.46,7.26,3.5,1,2,2,22.09,0,39,1,6.01,-0.1,1
60.97,7.14,8.72,0.29,4,4,4,19.58,4,41,0,0.64,1.91,1
34.93,5.5,10.9,3.93,4,3,7,13.98,4,41,1,5.39,-0.16,1
29.94,10.0,4.33,10.11,3,6,7,10.79,1,45,0,7.32,5.66,1
20.11,9.32,4.45,2.94,5,4,2,31.79,4,41,1,10.66,2.88,0
25.19,10.0,6.8,10.67,5,5,3,7.27,1,43,2,5.35,0.6,1
4.06,4.41,9.03,2.13,3,2,7,13.42,4,43,1,14.21,0.41,0
42.08,4.46,7.63,12.25,3,1,2,10.97,1,44,2,7.32,6.45,1
25.82,5.98,6.91,0.21,5,5,7,15.53,8,36,0,5.8,4.0,1
22.45,6.26,7.06,12.77,2,6,4,26.47,2,43,2,9.75,0.39,1
33.21,6.17,6.57,0.16,0,6,3,16.58,1,40,0,6.45,2.41,1
37.62,9.29,7.11,3.26,3,4,5,16.24,2,37,2,8.22,3.26,1
11.64,10.0,6.63,0.92,7,6,3,19.0,4,37,1,8.84,-1.17,0
28.18,4.28,8.02,2.55,7,9,8,24.37,5,40,1,7.48,3.39,0
12.61,4.2,8.25,3.83,4,5,6,36.71,3,41,1,12.04,1.13,0
43.41,7.76,6.03,4.1,6,4,3,28.38,8,38,1,9.03,0.75,1
6.32,6.24,8.39,0.85,4,3,5,15.93,0,43,2,4.5,1.98,0
9.41,9.86,6.64,3.53,4,5,4,20.12,4,44,1,5.94,1.46,0
20.61,6.11,6.97,6.46,5,4,5,11.72,5,37,3,12.77,2.82,1
25.53,6.84,5.28,6.3,4,6,4,15.29,4,45,2,7.27,1.15,1
34.23,5.14,5.8,9.01,7,3,7,16.07,1,42,2,4.52,2.47,1
11.66,8.09,8.4,0.06,3,3,4,17.0,2,36,0,5.62,1.04,1
20.85,9.57,7.29,0.04,4,5,4,38.64,2,45,1,3.52,-0.82,0
24.94,7.58,7.98,7.58,6,5,2,17.08,4,39,0,3.95,0.04,1
34.79,7.63,6.91,0.18,3,2,6,32.41,4,37,0,4.81,-0.13,1
5.05,10.0,4.03,0.25,8,7,5,17.77,3,43,0,4.0,7.87,0
15.93,10.0,6.78,10.23,2,7,5,23.06,6,36,0,7.91,1.84,1
23.16,8.3,7.29,6.69,3,6,4,22.57,1,40,2,8.22,0.11,1
18.98,10.0,8.47,11.0,4,6,10,22.21,3,43,1,6.31,3.65,1
14.51,6.15,6.75,0.32,7,8,6,14.94,2,42,3,7.14,-2.96,0
14.51,9.17,5.6,2.92,4,7,3,40.41,6,38,1,13.53,-1.52,0
34.5,4.23,5.0,3.26,4,5,3,31.01,0,44,2,3.59,0.18,1
18.12,9.92,7.16,0.23,6,8,4,22.17,4,39,0,7.15,1.45,0
14.43,7.73,6.07,2.2,2,1,2,18.63,0,39,0,4.7,0.49,1
9.7,5.08,6.37,0.12,4,4,3,1.89,4,36,0,7.08,-1.07,1
27.05,9.19,6.01,2.76,5,5,5,14.22,5,37,0,3.82,0.44,1
74.24,10.0,7.43,3.89,4,6,11,34.58,4,36,0,1.71,1.62,1
17.12,4.08,7.28,4.57,5,4,2,13.28,2,42,1,3.38,-0.65,1
16.56,6.79,9.16,0.34,4,4,4,31.34,1,40,0,7.57,1.73,0
29.66,8.8,4.9,13.67,3,3,10,11.27,1,41,0,5.99,4.57,1
4.56,10.0,7.05,1.27,4,6,3,7.84,5,37,1,3.11,1.56,1
17.87,7.73,7.08,1.01,4,6,6,27.18,0,43,2,5.65,1.1,0
19.7,7.1,3.25,5.19,1,3,6,25.23,3,42,1,5.58,-0.26,0
8.62,9.57,10.02,3.18,4,5,5,1.19,4,39,2,7.44,2.09,1
12.36,5.88,7.31,0.0,8,3,2,15.41,4,44,0,0.64,1.18,1
21.58,9.15,5.64,1.75,7,4,3,26.98,1,40,2,4.99,-0.16,0
36.05,6.96,6.54,8.49,6,4,4,13.05,1,40,1,6.16,5.39,1
20.25,7.43,7.2,0.79,7,2,2,20.77,1,42,1,8.94,0.91,1
26.64,8.97,5.99,2.54,10,5,7,25.31,2,45,5,6.56,2.45,1
13.44,8.9,5.38,1.45,5,4,3,32.52,7,36,1,6.1,3.71,0
17.58,3.75,6.88,2.24,1,6,3,29.54,4,43,2,8.07,5.9,0
42.36,4.25,5.47,2.58,3,5,5,23.45,2,39,1,16.75,0.54,1
11.34,10.0,7.54,1.55,2,5,3,21.44,2,40,1,13.03,1.2,0
16.98,7.4,7.18,2.37,7,6,5,25.57,4,40,0,12.89,0.3,1
21.2,5.73,9.26,1.55,8,2,7,7.87,0,37,3,7.26,-2.25,1
11.13,7.62,6.76,0.38,1,2,9,7.81,2,38,0,6.94,0.48,0
19.48,10.0,7.34,1.85,5,2,6,20.84,3,38,0,6.92,3.9,1
51.3,3.71,5.88,2.79,3,7,7,30.2,3,43,0,7.53,2.86,1
70.31,3.94,4.26,6.26,2,3,4,13.46,5,42,2,8.94,1.45,1
20.65,8.73,6.18,5.36,3,5,6,7.13,0,39,0,9.99,-2.28,1
47.22,4.76,7.7,1.87,8,4,4,16.83,4,43,1,10.19,0.71,1
27.11,5.21,6.65,1.08,4,3,4,19.74,3,40,1,10.12,-1.64,1
46.87,5.61,7.77,7.99,1,7,3,0.41,1,39,1,12.14,2.24,1
13.09,8.91,7.25,6.11,3,1,8,24.24,3,43,4,4.07,0.18,0
26.41,7.84,7.17,3.97,7,6,5,33.63,3,44,1,8.54,1.25,1
10.78,3.67,8.38,1.35,1,0,3,18.53,5,46,0,5.09,2.2,1
22.8,6.28,5.84,5.41,0,3,8,16.07,6,46,3,6.77,0.71,1
13.46,7.26,6.24,0.41,5,6,10,34.92,2,38,0,11.3,1.67,0
3.28,9.26,7.95,3.31,6,2,9,26.55,7,46,3,9.53,1.51,0
12.59,5.41,7.06,2.0,3,5,4,19.5,3,44,2,7.17,0.93,0
44.9,5.71,5.51,2.34,2,3,3,21.5,3,46,1,3.57,3.15,1
20.47,9.51,6.58,0.9,4,4,6,38.61,4,44,2,1.52,1.89,0
30.8,8.63,7.88,0.39,5,3,5,21.84,3,41,0,4.67,1.79,1
23.76,10.0,5.46,6.33,5,8,1,33.78,6,40,1,6.74,0.17,1
44.58,8.91,6.15,2.63,6,3,7,17.42,4,46,2,5.27,-3.75,1
25.41,6.19,9.74,5.45,8,4,5,24.26,7,45,2,8.15,-0.55,1
16.07,7.18,4.78,10.62,4,7,1,24.15,5,42,1,4.11,0.16,0
47.54,10.0,7.73,0.74,6,7,4,13.59,3,46,2,5.92,-1.46,1
11.54,6.16,4.21,4.78,5,5,6,35.87,3,44,1,6.14,2.1,0
22.33,10.0,4.81,0.23,7,4,8,25.73,4,42,1,6.19,0.92,1
16.71,10.0,6.39,9.46,1,2,4,36.06,2,37,1,4.78,3.6,1
24.8,10.0,7.21,3.56,2,6,8,35.68,4,37,2,3.82,1.28,0
32.87,7.9,6.14,2.28,2,4,5,25.15,6,38,1,10.89,-1.0,1
22.66,7.19,7.46,2.17,4,5,5,15.32,1,46,1,7.85,-1.92,1
36.18,7.64,6.41,3.59,4,2,7,18.25,6,46,0,12.29,1.32,1
21.54,10.0,8.56,8.31,6,10,7,10.16,3,46,0,7.95,1.47,1
36.85,9.86,7.93,0.56,6,5,8,8.51,6,45,1,6.94,2.09,1
9.71,8.16,7.84,1.83,5,2,4,14.18,2,42,0,5.88,2.2,0
59.91,8.87,7.62,2.61,5,8,9,16.65,2,42,4,7.95,2.68,1
31.9,7.33,6.31,6.61,3,1,5,23.96,0,38,0,3.91,-0.64,1
20.24,9.09,7.32,2.73,5,5,1,18.36,3,36,0,10.48,1.14,1
42.93,6.76,4.92,4.52,6,9,3,29.27,3,46,0,4.5,3.54,1
12.09,8.56,5.26,0.94,4,6,4,16.94,4,38,2,10.59,1.07,1
24.48,5.48,6.64,1.34,2,8,4,13.6,2,43,2,4.81,1.83,1
61.12,7.58,8.25,3.25,1,5,8,17.12,3,43,0,7.01,5.77,1
17.46,10.0,9.44,0.01,7,8,3,19.86,5,36,0,6.7,1.33,1
56.27,5.32,7.33,5.23,8,8,4,27.88,2,46,0,9.31,-0.39,1
78.31,9.78,7.58,5.36,6,4,7,17.24,2,46,2,7.64,0.84,1
17.96,9.47,4.58,5.28,7,7,6,35.76,3,39,0,10.88,4.06,0
34.04,8.12,6.6,1.51,3,5,6,7.44,3,36,1,8.57,3.03,1
18.66,8.94,6.02,1.57,3,2,4,4.0,2,45,0,5.6,4.22,1
26.92,9.1,5.62,5.98,3,5,6,9.76,4,41,3,3.4,2.78,1
31.52,5.63,7.69,7.32,5,6,9,22.19,4,42,0,7.88,3.39,1
29.57,6.85,6.74,2.81,5,5,11,11.72,0,45,1,6.59,1.5,1
22.97,9.1,6.04,5.78,2,3,7,18.22,1,44,2,11.73,3.37,1
16.77,10.0,8.56,4.66,2,6,1,20.26,5,41,1,3.45,3.48,1
17.62,10.0,4.95,0.93,6,2,4,23.1,2,43,0,8.8,2.33,1
20.29,8.82,8.43,10.35,7,0,2,26.47,3,37,0,9.14,-2.3,1
34.25,5.82,5.06,13.01,5,6,4,20.21,3,39,0,10.49,0.02,1
51.21,5.57,7.01,0.24,4,2,5,24.11,2,37,0,10.35,2.02,1
12.91,8.02,6.33,1.82,4,6,10,26.26,1,46,1,5.44,-0.46,0
15.03,7.69,7.36,1.01,1,5,4,17.96,9,46,1,7.18,0.83,0
15.36,8.28,7.04,0.19,6,3,12,34.2,2,44,1,6.34,1.25,0
13.65,7.51,7.1,6.61,5,5,7,31.6,5,41,1,9.83,3.43,0
97.19,9.0,5.84,12.4,3,7,3,18.39,5,44,1,5.89,-0.96,1
60.83,9.96,5.1,5.79,5,5,9,21.81,1,36,0,9.0,0.26,1
24.5,10.0,7.15,10.25,6,7,3,22.29,2,43,0,6.58,2.13,1
37.07,9.27,7.84,1.01,3,3,5,32.31,3,41,1,5.92,2.59,1
31.68,10.0,6.26,9.29,4,5,2,14.55,6,40,0,9.84,0.29,1
23.67,8.31,5.75,1.07,6,7,3,21.38,4,36,1,12.74,0.31,1
12.13,7.59,8.69,10.87,2,6,5,16.2,4,43,2,8.64,1.48,1
16.95,10.0,7.68,1.22,0,3,1,8.35,5,41,0,11.55,0.21,1
22.64,9.26,6.5,10.04,6,5,5,5.02,2,36,3,9.76,1.68,1
41.47,6.49,8.62,3.58,6,1,2,8.16,4,46,1,8.76,0.13,1
28.19,7.94,8.05,0.64,2,2,3,17.82,3,36,0,5.73,1.9,1
16.3,10.0,7.49,5.13,2,3,4,15.02,3,41,1,7.65,0.34,1
42.72,10.0,6.5,5.17,2,7,4,8.24,0,44,1,6.93,2.18,1
6.58,8.8,8.19,6.43,5,4,1,8.99,2,46,1,7.79,1.32,1
22.59,7.57,6.59,1.24,3,4,3,9.25,2,38,2,6.02,4.12,1
18.53,7.28,6.69,6.3,4,8,9,18.24,7,36,1,5.53,2.44,0
20.06,7.51,5.32,11.1,3,3,7,23.75,1,39,0,4.26,3.06,0
25.64,10.0,6.68,24.37,3,5,6,34.8,2,45,2,7.88,5.21,1
6.02,9.01,7.6,3.36,6,1,6,24.15,4,36,0,4.81,1.41,0
13.31,9.19,7.09,1.37,5,9,3,15.8,1,38,1,3.61,-1.1,1
13.11,9.66,7.79,1.16,3,6,6,24.87,4,46,1,10.12,1.56,1
42.26,9.74,5.84,1.99,2,9,5,36.23,2,36,2,11.34,-0.49,1
29.71,8.03,5.06,6.44,3,5,2,37.2,0,43,1,4.76,3.05,1
36.43,10.0,6.72,1.25,4,4,2,7.14,5,38,2,7.97,1.07,1
6.32,9.46,6.38,5.36,4,3,7,6.33,4,44,0,6.75,3.41,0
12.48,7.49,7.59,4.03,5,5,8,18.08,7,38,1,4.46,1.84,0
12.88,4.78,8.19,1.23,7,6,9,12.67,2,39,2,5.75,1.13,0
31.19,5.48,6.1,0.02,4,4,6,23.28,2,43,2,6.53,3.27,1
34.25,5.26,5.46,1.81,2,4,10,17.61,3,42,0,0.7,1.16,1
16.17,9.93,7.63,9.99,3,4,4,24.2,3,46,0,11.11,-0.58,1
12.5,5.1,7.6,1.8,6,3,6,18.89,1,40,1,10.09,2.95,0
50.3,8.87,7.24,11.74,7,4,7,3.37,8,39,0,8.47,1.94,1
19.18,6.79,6.99,0.03,1,2,4,20.66,1,41,1,9.92,3.87,1
33.33,10.0,6.55,8.13,4,5,4,29.7,5,46,1,6.8,-0.12,1
17.02,6.73,9.24,0.3,3,7,8,21.06,0,39,0,10.73,0.06,0
37.28,8.89,8.3,14.21,4,6,5,1.4,4,38,1,8.51,3.43,1
55.04,5.7,7.38,4.14,6,8,4,7.67,2,44,0,4.68,-1.24,1
34.56,7.19,7.95,1.64,5,4,4,14.18,0,36,0,7.57,3.7,1
6.67,7.45,7.02,0.13,6,5,4,15.94,1,36,0,8.4,-0.65,0
29.77,3.82,6.34,1.52,3,5,9,6.55,7,39,0,6.8,1.37,1
19.0,5.61,7.57,5.01,1,5,4,22.48,4,36,0,4.25,3.21,0
21.06,6.49,5.5,2.41,2,4,4,43.03,3,46,1,1.79,3.03,0
14.94,8.36,7.61,1.46,4,7,4,27.61,3,37,2,4.61,-0.18,1
19.35,8.09,7.25,4.07,2,4,3,40.75,4,44,0,1.67,2.22,0
32.95,5.46,9.17,11.84,7,5,6,33.27,2,43,1,2.87,1.41,1
8.75,8.85,6.21,6.2,3,7,5,21.22,5,42,1,13.07,2.29,0
30.21,8.75,6.18,3.24,7,7,5,29.86,3,46,0,7.0,4.68,1
11.2,6.19,4.79,12.25,3,5,5,29.69,2,46,1,7.08,1.78,0
36.43,8.65,6.33,0.26,3,1,2,25.59,2,37,0,6.27,2.68,1
16.2,6.1,6.24,2.97,6,7,10,30.8,6,41,2,5.02,2.59,0
39.09,7.11,5.76,5.06,3,6,6,21.65,3,36,2,7.99,0.14,1
13.54,5.01,7.1,2.94,4,5,5,14.06,3,41,0,5.41,2.11,1
11.01,5.2,7.41,10.39,1,4,5,7.78,0,40,2,1.93,-1.07,0
27.47,7.07,8.26,0.8,4,2,4,27.54,5,41,1,8.02,1.54,1
20.49,6.96,6.52,1.22,4,5,7,3.44,3,39,0,6.68,-1.4,1
25.06,3.75,7.56,1.8,4,5,7,29.03,4,41,1,7.2,0.47,1
24.03,1.0,5.09,9.56,9,8,3,16.85,1,44,3,9.25,3.52,1
22.88,9.05,6.79,2.03,5,9,2,24.87,5,44,2,6.83,-0.71,1
27.76,7.58,6.93,7.62,5,5,4,18.34,3,42,6,8.27,-0.73,1
15.44,6.86,7.36,7.54,4,2,4,0.4,3,40,2,8.14,3.18,1
2.74,8.5,4.62,0.23,1,3,2,27.19,4,41,2,2.29,3.51,0
25.06,9.29,8.06,0.48,1,2,4,22.42,3,40,2,9.0,5.78,1
17.81,7.86,8.82,0.28,4,6,9,30.27,1,37,0,5.55,0.8,0
31.38,8.93,6.73,0.4,4,7,3,14.89,6,40,0,5.89,3.48,1
30.41,10.0,8.06,0.06,3,4,6,33.13,4,36,2,4.88,1.44,1
33.43,10.0,7.11,5.51,10,11,2,17.53,2,39,2,11.4,4.17,1
17.88,2.85,6.42,2.0,3,2,5,4.63,3,43,1,10.34,1.02,1
24.76,9.22,7.22,11.55,2,7,5,11.9,2,39,0,6.78,1.55,1
19.51,7.22,5.95,0.33,2,3,7,21.11,1,43,0,7.47,0.64,1
62.24,8.58,7.39,5.25,5,6,4,28.38,2,45,1,8.32,2.79,1
26.31,8.55,7.82,4.08,4,4,7,0.09,0,37,0,6.1,1.29,1
8.94,5.76,6.86,3.43,7,6,7,6.84,6,40,1,7.42,2.11,1
65.6,8.59,6.24,2.76,3,2,5,28.63,0,43,0,7.07,1.56,1
29.58,5.27,6.59,2.38,2,10,3,7.78,6,44,0,6.56,0.78,1
21.83,9.64,6.39,1.46,3,5,5,9.63,4,46,0,9.46,4.32,1
9.03,6.37,6.23,5.6,5,7,10,42.19,2,45,1,4.16,1.79,0
30.11,10.0,7.81,1.99,6,5,3,19.73,2,38,0,4.9,-0.88,1
45.35,3.28,8.07,4.76,3,3,7,5.53,1,37,1,2.22,0.3,1
31.38,6.34,7.93,0.4,2,5,5,9.57,7,36,1,6.19,0.57,1
13.34,7.34,4.88,10.03,1,5,6,25.19,3,46,1,8.61,0.43,0
16.52,5.13,8.86,4.39,2,4,5,30.76,2,39,1,9.24,1.49,0
32.23,9.89,7.05,2.61,5,4,4,22.09,3,37,2,2.6,-0.57,1
34.38,8.24,3.78,0.56,1,6,2,5.57,2,40,3,8.0,0.47,1
34.74,9.4,9.25,4.94,5,7,3,30.21,1,46,1,6.69,1.27,1
50.1,7.74,7.82,1.06,7,3,6,15.27,5,45,1,6.4,-0.99,1
24.95,7.36,8.54,3.45,4,7,6,19.66,4,39,0,1.85,4.72,1
41.99,8.45,7.58,5.55,3,4,9,7.86,2,45,1,3.79,3.16,1
25.04,8.06,6.29,1.08,4,4,2,22.9,2,43,0,9.98,-0.22,1
21.3,6.48,6.21,0.46,10,3,6,40.97,3,37,0,1.62,1.34,0
9.08,5.17,8.35,5.18,2,7,3,27.65,1,45,0,8.5,2.25,0
60.73,3.67,7.82,0.17,7,4,4,23.83,1,36,1,10.12,-0.06,1
26.19,6.57,5.79,11.04,3,6,2,18.84,2,42,1,7.2,-0.24,1
12.34,10.0,7.84,1.19,4,7,10,25.37,4,36,1,2.07,-0.84,0
36.73,7.32,6.52,9.15,3,4,3,24.93,7,42,1,6.04,1.85,1
59.93,8.6,7.73,6.3,6,6,6,37.88,5,44,0,5.29,3.33,1
34.99,6.28,8.66,3.04,4,3,7,25.2,2,41,1,2.44,-1.1,1
51.62,6.98,6.55,7.71,4,7,5,10.32,6,44,0,4.96,1.24,1
37.33,5.3,5.39,3.79,5,5,5,27.94,3,37,1,6.84,-0.02,1
14.09,5.27,6.35,5.4,1,4,13,25.01,5,40,2,5.49,1.97,0
20.86,9.79,5.69,6.67,8,7,6,25.67,0,37,0,4.33,-1.32,1
42.65,5.86,6.15,5.34,4,6,6,9.15,2,40,0,4.52,1.94,1
15.17,8.19,6.39,0.61,0,5,2,29.97,3,36,0,9.85,5.21,0
19.03,5.4,6.41,7.48,1,4,4,24.92,1,40,1,5.5,1.83,1
50.48,7.09,5.19,1.62,2,5,3,28.36,2,42,1,9.04,3.05,1
19.31,4.91,8.72,7.81,3,7,5,14.83,3,45,2,7.75,5.44,1
57.87,7.11,7.82,2.61,5,3,6,21.57,3,41,0,6.98,2.65,1
19.2,8.77,6.69,4.67,2,4,3,10.77,4,46,0,4.38,4.91,1
11.41,8.31,8.96,3.06,4,5,10,19.0,6,44,1,4.11,-1.76,0
17.36,6.99,7.81,1.26,5,3,2,13.57,0,38,1,6.1,3.78,1
14.99,8.28,8.02,7.63,8,2,6,23.76,1,36,1,3.25,0.91,0
14.51,10.0,6.11,2.97,4,4,5,25.42,4,43,1,8.24,0.49,0
35.48,10.0,7.11,1.25,6,4,6,0.8,2,43,3,6.13,0.64,1
35.06,8.29,8.53,5.0,4,4,9,19.65,2,37,0,8.7,2.37,1
23.17,8.16,7.55,15.73,5,6,5,26.09,3,46,4,6.96,-1.32,0
29.77,10.0,7.28,7.87,2,2,4,4.3,1,41,1,8.94,-0.11,1
10.15,10.0,7.12,4.79,4,1,8,1.58,4,45,1,8.09,3.35,1
20.32,9.37,6.8,8.13,3,6,6,17.5,2,43,0,5.71,1.51,1
26.73,6.59,6.38,6.38,6,5,5,7.93,5,42,0,11.17,0.79,1
21.61,9.26,6.9,5.05,2,9,1,21.39,1,44,2,10.48,0.07,1
23.89,6.26,6.23,2.94,2,8,5,43.73,1,37,0,11.39,2.86,0
18.97,8.73,9.23,0.19,7,1,6,4.04,1,38,0,13.38,0.8,1
29.3,6.55,9.61,6.19,2,4,7,34.05,4,36,0,4.72,1.63,1
12.04,8.44,7.55,1.29,4,6,6,25.6,5,45,2,6.58,1.66,0
43.0,4.58,5.51,2.32,1,8,5,30.45,3,40,2,0.49,5.29,1
44.51,3.34,7.48,11.53,3,10,4,21.1,7,40,1,9.39,2.53,1
21.21,9.64,7.69,3.38,5,7,3,14.87,2,40,1,4.72,-0.84,1
3.18,7.47,6.94,2.66,3,5,2,26.26,3,41,2,7.39,1.05,0
25.13,6.38,6.68,3.65,4,3,3,21.09,2,44,3,3.62,0.76,1
63.07,8.34,6.22,2.42,3,8,6,22.94,6,37,5,7.39,-0.43,1
12.01,10.0,8.42,9.02,4,5,2,25.72,3,45,0,9.75,0.69,1
16.7,7.64,6.57,9.74,8,8,3,17.78,4,43,1,1.24,2.6,0
18.28,10.0,8.38,11.84,2,8,3,16.16,3,45,2,4.64,-0.5,1
27.71,10.0,8.87,6.98,4,5,3,22.49,3,37,1,8.07,1.28,1
30.4,5.16,6.55,1.85,4,7,4,6.56,2,36,0,5.49,0.1,1
25.93,6.12,6.9,2.57,4,7,10,28.58,0,40,1,9.71,2.8,0
43.48,9.4,7.01,3.2,3,6,4,22.36,2,41,1,6.38,3.32,1
4.5,6.1,5.78,2.12,5,3,2,21.19,0,37,0,10.15,2.0,0
8.4,7.98,7.03,0.59,5,6,6,18.42,6,41,2,5.52,5.86,0
37.18,7.99,8.15,0.58,6,9,5,27.02,4,40,0,7.45,0.79,1
33.4,6.54,6.77,7.3,1,7,13,31.95,3,41,0,6.44,1.53,1
34.32,6.11,6.97,1.65,4,6,3,28.49,4,45,2,9.02,4.77,1
1.19,6.97,6.25,6.35,5,4,3,11.01,4,37,0,7.68,-0.07,0
34.87,8.66,6.24,18.57,3,3,5,21.6,0,46,0,8.07,5.44,1
16.11,3.52,8.21,4.29,3,8,9,16.83,3,43,1,8.78,0.98,0
31.51,5.24,6.64,8.28,6,8,8,35.98,1,36,3,8.61,2.63,1
8.7,7.4,5.91,1.41,2,6,3,26.71,3,41,0,5.22,4.74,0
28.33,9.78,5.43,9.69,4,9,2,9.98,1,42,2,5.92,1.99,1
12.4,6.19,8.47,1.15,4,3,3,33.31,3,42,1,7.21,1.3,0
39.89,10.0,6.4,5.99,5,8,9,30.41,1,42,1,7.73,3.91,1
27.94,8.57,6.68,2.25,3,4,2,18.82,4,38,2,6.31,1.82,1
32.39,3.63,8.16,5.55,4,3,4,28.0,1,43,1,4.23,2.35,1
6.94,4.51,4.72,8.93,7,3,6,34.95,4,44,3,10.2,5.91,0
39.57,10.0,6.59,0.1,2,5,3,31.24,2,44,2,11.97,2.43,1
19.23,8.85,7.25,2.52,3,5,6,25.44,4,36,0,1.39,3.43,1
25.49,6.28,6.82,0.6,0,4,7,8.18,2,46,0,3.94,-4.28,1
9.53,7.62,5.86,2.28,5,4,1,14.33,4,38,0,7.15,-1.26,0
97.4,4.05,4.47,15.17,2,3,5,13.83,2,44,2,10.24,5.01,1
11.72,5.84,5.91,0.71,1,2,5,19.01,4,45,1,11.71,-0.53,0
24.74,8.47,7.57,0.63,1,5,8,12.48,1,44,3,8.17,3.63,1
20.58,5.48,7.13,1.51,3,4,6,0.36,2,45,0,8.37,0.03,1
13.08,5.57,6.96,6.83,7,3,5,27.42,2,36,0,6.45,-0.11,1
8.97,9.72,6.09,8.73,3,1,5,24.99,5,38,0,10.55,-1.18,0
12.75,6.43,7.64,0.12,4,4,9,5.43,4,46,1,9.2,3.45,1
1.85,7.59,6.77,2.6,6,1,5,21.29,3,36,0,9.25,3.4,0
30.99,5.9,6.76,3.16,5,10,5,15.85,6,46,0,3.28,4.45,1
27.39,8.09,6.63,1.55,4,5,3,25.17,3,42,3,9.86,4.41,1
24.52,6.6,5.81,13.51,2,3,7,17.5,4,36,1,1.58,2.97,1
17.56,9.06,7.2,1.26,8,7,4,29.92,1,43,1,10.23,1.6,1
28.73,10.0,7.59,3.71,3,4,2,11.09,3,45,1,3.33,-1.17,1
21.41,8.28,7.2,3.51,6,2,4,15.08,3,43,1,7.83,4.9,1
17.55,5.33,5.16,3.98,4,6,3,30.92,0,38,1,6.64,-1.16,0
16.71,7.28,7.13,7.64,3,6,4,24.85,0,45,2,8.85,-0.22,0
13.05,8.6,7.95,1.38,3,4,7,3.02,2,45,2,5.69,2.11,1
25.8,6.66,10.74,0.76,6,7,2,20.42,0,41,1,9.34,2.92,1
13.48,8.52,6.56,3.15,4,10,5,26.84,3,36,2,10.11,0.8,0
45.02,5.88,8.53,4.34,0,9,5,36.21,3,39,1,2.94,0.37,1
30.77,6.55,8.38,0.23,4,5,8,13.55,4,37,0,7.35,1.89,1
28.5,6.42,8.54,0.58,5,9,8,8.31,1,40,1,5.42,2.75,1
28.82,8.14,6.81,5.65,3,6,13,17.75,2,46,0,5.83,-0.04,1
15.48,6.48,4.96,6.09,9,5,7,31.52,1,40,2,3.38,-1.24,0
38.37,2.45,7.73,11.95,10,6,4,24.58,2,37,2,7.73,2.74,1
16.96,5.39,9.45,5.74,4,10,5,19.06,3,40,1,0.02,0.48,0
26.56,6.85,7.98,3.96,2,1,5,11.75,3,37,3,13.23,0.91,1
45.79,6.94,6.03,2.56,3,6,7,41.96,5,45,3,8.16,0.98,1
12.21,8.65,6.7,5.43,5,5,3,12.74,2,37,0,9.54,4.64,0
25.36,9.15,5.38,1.52,5,7,8,22.48,1,46,2,5.99,0.68,1
22.85,9.65,7.89,6.27,5,0,4,30.79,3,38,0,6.32,1.88,1
49.51,4.16,6.56,1.47,3,5,4,21.65,2,43,0,7.73,3.32,1
36.19,6.57,6.75,3.15,4,2,4,15.07,1,38,0,4.5,4.59,1
22.81,9.81,6.52,3.11,4,7,8,28.63,3,38,0,5.34,4.35,1
6.88,7.7,6.56,2.82,3,6,3,2.13,2,44,1,4.95,3.69,1
14.51,8.15,7.47,1.76,1,4,4,21.76,4,44,1,8.83,3.5,1
27.67,9.31,7.68,3.59,2,2,2,19.64,4,39,1,10.61,4.51,1
31.03,6.26,6.32,0.26,2,6,4,30.95,3,44,1,4.72,0.8,1
77.63,7.29,6.44,5.42,4,3,8,18.78,3,37,0,7.44,3.73,1
76.62,8.42,7.91,4.94,6,5,6,31.27,5,46,1,10.95,3.83,1
31.64,9.1,6.62,1.01,6,6,7,33.43,4,43,1,7.31,-1.22,1
25.52,9.31,6.49,2.98,2,2,5,42.96,2,38,1,4.92,1.25,1
30.67,9.54,7.56,0.76,5,3,6,13.99,4,38,2,5.97,1.26,1
51.93,9.41,8.77,5.21,3,9,6,31.17,3,43,0,7.5,0.63,1
25.35,3.05,6.92,3.92,8,11,5,16.55,3,46,0,10.21,3.4,1
38.44,6.25,5.5,7.6,5,5,5,11.99,1,41,1,7.11,-0.73,1
14.36,6.74,6.67,2.96,4,8,4,7.06,9,42,2,5.9,2.22,1
25.56,10.0,6.42,2.71,2,4,6,20.35,11,44,3,6.03,0.01,1
35.87,8.02,6.87,2.4,1,3,5,21.6,3,45,2,9.17,2.75,1
24.9,4.16,7.33,11.08,5,3,6,29.06,3,39,2,6.42,4.08,1
36.02,7.63,7.99,0.75,8,5,2,19.23,3,42,1,6.73,0.13,1
5.82,8.4,6.94,3.58,7,6,9,10.37,4,40,0,4.9,0.72,0
17.24,7.37,8.47,4.53,2,5,8,16.78,1,39,0,8.0,1.93,0
49.64,10.0,6.93,14.37,4,2,4,14.55,4,46,0,2.25,1.23,1
10.67,8.22,6.75,3.41,5,6,8,15.27,7,43,0,10.58,2.3,0
20.08,10.0,6.03,0.03,3,4,3,23.67,3,39,4,3.68,-4.54,1
23.58,10.0,5.36,0.21,5,2,6,12.51,6,46,3,12.63,0.89,1
21.9,7.78,6.11,0.1,3,5,3,8.54,3,38,2,8.15,-0.15,1
5.87,6.8,5.85,1.42,2,8,4,30.53,9,36,1,7.47,2.09,0
22.34,6.71,5.57,3.14,4,3,4,8.18,3,44,2,3.32,-0.94,1
29.69,9.76,6.92,13.32,6,7,3,31.19,1,39,3,8.95,4.66,1
21.07,8.73,5.37,0.12,6,4,12,14.62,3,43,0,9.26,3.19,0
6.95,4.68,7.05,6.8,5,2,4,35.2,1,36,0,9.54,5.72,0
37.59,10.0,8.14,3.2,0,2,5,23.0,3,37,0,2.38,-0.76,1
26.44,7.15,6.94,2.41,5,4,2,11.57,3,44,2,13.35,2.36,1
22.48,6.18,6.94,1.58,3,6,6,10.28,2,45,0,3.85,-4.43,1
4.03,7.22,5.61,1.31,4,6,5,0.61,4,41,1,11.4,3.74,0
13.47,5.63,6.76,4.59,3,7,5,20.58,7,42,2,8.51,-3.28,0
33.42,6.78,5.2,2.76,8,6,1,24.71,4,44,1,8.64,0.36,1
14.29,9.46,9.56,3.3,2,4,8,7.53,5,44,1,8.34,2.23,1
33.99,5.12,6.02,2.82,3,4,4,9.45,1,43,1,7.54,1.85,1
9.07,7.1,6.21,7.36,2,2,4,14.64,2,41,3,4.1,3.65,1
7.56,8.87,4.89,2.2,3,6,4,35.63,2,38,0,9.53,2.42,0
25.67,4.85,4.92,0.98,4,4,4,12.07,3,41,0,6.29,1.17,1
12.39,8.03,6.83,10.53,4,7,4,28.84,2,39,1,4.06,2.94,0
44.91,7.24,6.08,0.74,5,7,6,28.12,3,36,1,10.07,3.14,1
44.37,8.63,7.84,15.47,5,6,3,14.0,1,43,1,8.75,-0.44,1
22.89,8.75,7.87,4.78,4,7,3,6.6,1,42,0,4.59,1.8,1
73.4,10.0,5.84,0.59,5,4,6,22.23,5,37,2,7.51,5.02,1
15.91,7.8,7.41,0.69,5,3,5,0.99,3,46,0,8.42,-0.31,1
20.57,5.16,7.48,6.67,1,7,8,18.22,3,40,2,8.95,3.74,0
33.81,8.65,8.03,0.06,3,8,4,28.33,1,45,1,10.83,0.01,1
28.71,6.98,6.62,3.37,3,3,3,21.17,5,45,2,7.04,2.04,1
19.3,9.32,8.78,0.54,3,10,6,12.73,2,44,2,10.06,-1.21,0
14.04,7.45,7.25,1.13,1,3,13,23.38,1,45,2,4.46,2.18,0
35.42,7.15,8.09,2.1,3,5,2,10.44,2,45,0,5.43,1.95,1
39.63,10.0,6.5,4.55,2,3,2,32.69,1,46,0,6.75,0.55,1
13.33,7.16,7.69,0.38,7,4,6,18.32,2,46,3,0.11,2.88,0
24.31,8.8,7.83,0.93,3,1,2,49.67,3,37,0,11.03,-1.68,1
33.15,8.02,8.25,5.03,3,4,7,17.8,3,45,1,0.07,0.9,1
50.58,7.24,8.62,1.48,5,7,4,1.04,4,39,0,5.66,3.31,1
27.58,4.79,6.15,9.86,3,9,5,23.54,2,39,2,0.44,1.37,1
23.08,7.96,7.12,2.43,5,5,5,18.48,4,39,0,8.41,1.21,1
16.69,7.65,5.77,4.46,3,4,5,13.98,3,43,1,9.82,2.47,1
11.92,7.38,8.3,9.24,7,6,6,9.19,1,43,1,1.24,-1.43,0
34.98,8.39,8.03,3.75,3,2,4,10.35,3,42,0,6.26,6.82,1
35.93,5.73,7.87,10.75,2,6,5,13.79,3,44,1,10.42,0.95,1
36.72,9.24,7.58,0.83,3,7,6,24.76,2,38,1,2.56,-0.46,1
49.62,9.37,8.81,1.16,3,4,7,11.75,0,38,3,4.42,1.16,1
29.14,5.76,7.04,0.15,0,3,9,23.88,4,36,0,9.67,0.63,1
22.46,4.54,5.9,5.51,8,6,3,27.2,2,39,2,4.53,0.73,1
24.38,7.15,7.96,8.46,4,3,4,25.54,5,44,3,8.34,1.57,1
26.94,5.86,7.77,0.4,6,6,5,19.23,3,36,1,9.02,1.05,1
56.25,10.0,7.6,2.69,12,6,2,10.83,1,44,1,2.75,0.83,1
43.86,5.49,6.8,0.21,4,6,3,11.02,4,36,0,2.52,-0.07,1
10.88,1.98,6.57,7.82,1,5,3,24.3,3,40,0,3.31,2.99,0
14.13,10.0,7.3,4.57,2,4,10,22.43,3,40,1,6.67,2.74,0
22.65,9.63,8.08,2.23,4,6,4,15.52,2,45,1,8.94,3.49,1
11.58,7.58,7.15,1.49,8,8,5,41.21,3,42,2,7.07,0.8,0
4.81,7.27,8.46,1.41,10,5,4,18.73,5,39,2,10.0,2.32,0
6.07,5.82,7.31,0.06,3,5,9,19.67,4,43,0,2.62,0.61,0
26.26,9.04,6.73,0.75,3,7,4,21.74,1,39,1,8.71,1.32,1
28.35,4.51,5.61,5.47,5,5,8,16.29,3,41,1,11.85,1.52,1
44.78,6.31,6.54,0.09,5,7,4,0.28,5,41,0,12.2,-0.53,1
26.14,6.19,6.47,1.46,1,3,6,8.82,2,38,1,4.34,0.26,1
19.64,8.16,7.4,3.04,1,6,4,3.99,4,36,0,5.04,3.8,1
27.95,8.59,5.88,5.16,4,7,6,23.15,3,40,0,7.71,1.62,1
45.35,6.95,8.85,0.17,4,7,4,11.13,3,38,1,11.18,2.07,1
11.2,1.53,6.18,7.24,1,11,5,22.35,4,38,1,9.94,1.71,0
25.84,4.9,8.19,2.04,7,4,5,6.63,5,36,0,6.43,4.55,1
64.29,5.15,6.77,4.68,5,6,4,12.23,5,40,2,2.49,3.0,1
35.04,7.43,9.51,0.45,5,6,4,9.95,2,44,0,9.76,2.1,1
23.9,6.11,5.18,3.46,3,8,4,18.27,2,45,2,0.48,1.42,1
30.05,7.57,6.12,1.33,3,10,4,30.84,5,38,3,10.87,3.46,1
34.22,8.13,6.6,0.86,4,2,7,13.7,4,42,1,2.69,4.74,1
21.85,7.38,7.39,1.17,4,5,7,17.2,4,42,0,5.16,1.56,1
12.48,9.21,5.73,0.55,2,4,5,9.88,1,38,0,5.22,-0.36,1
22.81,8.44,6.58,2.45,3,9,6,11.18,2,40,1,4.73,1.11,1
23.54,7.11,8.17,2.97,6,5,8,21.86,3,38,0,6.09,0.69,1
8.62,5.38,5.98,5.12,3,6,3,25.97,3,38,4,12.3,3.77,0
23.98,10.0,5.22,2.82,3,6,3,21.16,4,38,0,3.76,-1.03,1
8.16,9.37,6.85,5.21,5,6,4,22.49,1,44,1,2.21,3.22,0
11.97,8.59,8.52,0.7,4,4,8,12.93,1,43,0,0.58,2.53,0
17.22,7.07,4.63,5.55,6,3,7,11.24,4,40,2,11.83,2.51,1
26.18,8.94,5.96,1.83,2,6,8,22.21,1,37,1,7.12,2.13,0
12.19,10.0,6.76,1.11,4,2,5,34.32,8,37,0,5.87,-1.84,0
37.7,4.08,7.19,2.63,4,4,2,22.91,3,38,0,6.56,4.59,1
21.21,8.95,6.11,1.19,6,5,5,28.57,0,38,0,4.99,0.26,1
18.31,8.72,6.35,2.42,5,4,9,16.4,6,40,0,6.61,3.45,1
7.27,8.18,8.37,4.52,2,4,12,7.94,1,39,0,7.0,2.93,0
9.72,5.88,8.65,4.7,3,8,1,27.38,3,41,1,5.59,0.39,0
19.77,4.24,8.23,3.67,5,5,1,8.18,4,43,1,7.07,1.6,1
18.65,9.85,7.34,4.07,8,7,4,7.77,1,40,1,6.26,1.92,1
38.46,9.21,5.57,8.19,2,7,7,25.54,4,45,2,5.11,-1.53,1
40.09,7.39,6.38,5.05,2,3,4,15.35,0,42,4,5.17,1.71,1
18.66,7.33,7.06,3.59,3,3,5,16.55,0,44,0,6.38,2.24,1
9.67,8.27,8.02,2.95,4,9,2,13.03,2,45,1,10.85,4.65,1
17.62,3.82,6.86,8.04,7,5,10,24.98,4,37,1,6.74,1.93,0
11.09,6.59,7.37,1.03,6,6,3,15.71,5,45,3,11.62,2.0,0
31.73,7.4,8.27,0.99,5,2,4,18.07,3,46,1,6.75,-1.56,1
24.54,7.48,6.61,4.76,3,7,1,13.55,1,43,0,6.52,2.88,1
39.04,6.66,6.2,2.8,4,3,4,24.27,2,39,0,1.33,0.3,1
24.91,7.36,7.86,0.31,7,7,3,16.66,3,44,0,6.26,-1.95,1
36.31,7.75,8.69,0.2,8,5,9,17.48,3,42,4,10.52,3.41,1
9.09,8.55,8.25,1.97,3,6,5,22.81,0,44,0,7.91,3.22,0
16.3,9.75,7.67,8.12,1,2,6,20.69,6,45,0,4.55,1.81,1
45.46,4.95,7.25,7.83,8,6,2,14.68,2,36,2,6.72,1.77,1
49.64,8.51,8.36,8.11,5,5,8,30.36,4,44,0,6.94,-0.44,1
8.88,10.0,6.7,0.49,5,3,6,34.53,4,44,1,5.09,3.23,0
23.2,9.15,7.51,3.05,6,7,3,22.53,6,44,3,4.84,5.37,1
24.64,10.0,5.04,2.5,3,6,10,11.78,2,45,0,9.49,-2.58,1
39.89,7.38,4.55,5.62,3,5,6,20.12,5,39,1,6.03,4.71,1
23.52,8.35,9.0,2.63,7,5,3,15.3,3,45,1,10.89,5.28,1
12.23,5.17,7.7,3.13,3,7,7,12.12,4,37,1,12.33,1.0,0
15.21,6.66,5.66,1.38,5,4,4,18.54,4,42,1,8.34,4.01,0
25.35,5.71,7.07,5.63,2,11,3,45.47,4,40,0,10.82,-0.34,0
57.54,6.33,8.77,1.09,2,5,1,5.03,4,46,2,1.93,-1.55,1
14.83,9.86,5.77,0.99,6,6,3,17.62,2,41,0,5.68,1.09,0
24.84,7.6,6.74,1.01,6,8,4,10.15,1,43,0,7.73,0.11,1
7.96,3.98,9.57,2.14,6,6,10,20.37,5,44,2,10.25,-1.09,0
44.17,7.36,8.17,8.2,6,3,9,17.08,0,38,0,8.13,3.65,1
26.03,7.56,6.91,1.43,3,4,2,37.52,2,38,2,7.77,4.14,1
58.97,10.0,5.95,4.95,2,5,8,29.14,5,41,1,11.4,0.46,1
26.27,7.46,7.47,1.68,4,5,7,17.45,3,45,1,11.4,1.22,1
18.54,7.48,8.34,2.19,4,5,3,40.37,2,43,1,10.45,1.71,0
35.08,6.78,7.01,2.09,7,7,6,10.05,1,44,1,4.73,4.39,1
12.56,7.89,8.75,0.09,4,4,4,17.71,1,40,2,4.89,-1.55,0
58.45,6.02,7.1,2.0,5,3,8,15.63,4,39,0,0.57,-2.01,1
60.03,9.48,7.76,6.3,2,6,3,26.74,1,45,0,1.55,2.08,1
4.5,4.98,9.39,0.35,2,5,4,34.53,3,38,0,4.1,-1.85,0
45.88,6.18,7.28,3.36,3,5,2,26.94,3,43,2,7.54,3.11,1
11.85,6.41,6.81,0.27,3,6,9,8.55,5,36,2,6.03,1.62,1
28.97,5.46,8.79,0.75,4,3,3,14.3,5,37,2,7.17,4.47,1
9.09,9.05,6.71,0.01,6,7,3,26.72,3,38,0,4.1,2.76,0
34.88,6.0,7.03,2.37,5,3,7,17.91,0,41,1,1.99,1.01,1
65.66,7.57,4.45,0.74,5,8,1,13.06,4,38,1,7.71,-0.14,1
29.99,6.83,5.25,0.95,8,4,3,18.59,3,41,2,6.27,-0.57,1
36.7,7.4,7.49,2.9,6,4,3,14.61,2,46,0,8.48,0.19,1
10.47,9.72,7.45,10.09,5,6,8,21.45,2,39,0,10.45,-1.03,0
11.44,9.63,5.89,0.23,4,3,2,25.99,5,45,1,10.68,1.09,0
39.43,8.06,6.7,7.59,2,4,3,22.81,2,42,0,5.76,1.06,1
40.89,7.88,8.65,13.85,0,4,6,38.5,2,43,1,2.37,-0.74,1
13.01,8.35,5.79,9.21,4,2,3,16.68,4,39,1,8.02,3.93,1
15.43,7.96,8.45,4.7,3,9,8,21.25,2,41,0,7.93,5.89,0
10.19,8.66,6.54,1.88,2,6,5,26.66,1,40,2,3.19,-1.42,0
38.8,4.19,7.59,3.49,0,3,5,25.49,0,41,0,7.57,2.98,1
34.42,8.74,8.35,7.8,3,4,6,11.23,1,45,0,10.37,2.23,1
26.98,9.36,6.56,4.22,5,2,5,1.97,1,40,1,3.86,3.69,1
37.02,7.59,7.81,7.87,4,3,4,25.49,2,42,0,6.83,1.33,1
27.17,9.32,8.68,3.4,4,4,9,12.74,2,45,1,8.25,3.76,1
46.07,10.0,9.71,1.84,2,5,3,6.14,4,43,3,8.84,1.65,1
31.69,7.24,7.39,3.01,1,6,5,22.98,4,45,0,8.37,-1.22,1
30.0,5.55,8.99,10.84,5,7,9,24.01,1,46,0,8.02,4.38,1
16.9,8.83,6.3,0.95,4,6,9,20.06,3,36,2,14.04,2.59,0
32.49,8.23,6.97,2.31,7,2,4,37.16,3,43,1,3.88,2.63,1
58.15,6.37,9.11,7.16,9,4,6,14.26,2,40,2,6.5,3.22,1
30.76,7.19,9.07,1.78,4,9,4,22.94,0,40,2,3.16,-2.56,1
17.52,4.97,6.95,0.6,4,8,7,25.26,3,44,1,10.36,1.75,0
33.97,5.04,8.56,5.04,5,6,3,40.67,4,42,2,4.31,-0.67,1
21.71,5.74,7.47,1.22,3,5,12,14.72,6,46,0,5.1,2.93,1
24.13,7.71,7.33,6.94,6,5,5,5.34,4,42,0,6.15,-0.98,1
6.04,8.27,5.33,2.01,4,2,0,22.46,2,39,0,3.12,-0.83,0
31.67,5.03,6.37,3.49,3,6,7,36.37,4,41,0,10.47,1.87,1
24.93,10.0,7.7,1.25,3,4,8,17.56,4,38,2,5.55,0.41,1
11.46,5.65,6.94,1.38,2,3,5,27.43,6,37,1,7.08,1.25,0
17.9,9.51,8.66,4.67,6,6,4,24.28,1,41,2,6.43,-0.27,1
23.92,4.07,7.16,3.33,1,2,5,10.75,3,41,3,2.76,2.9,1
22.51,7.69,8.36,1.35,3,3,9,11.08,4,37,2,12.07,-0.94,1
30.93,4.96,8.71,2.83,4,1,5,30.27,5,42,3,6.23,2.0,1
26.51,8.96,5.75,2.6,4,6,4,33.14,2,36,1,6.91,0.16,1
22.12,7.26,5.61,3.65,2,5,3,16.56,5,44,2,9.63,-0.79,1
63.83,7.45,4.87,16.87,5,4,8,4.43,1,43,1,6.16,1.12,1
81.96,10.0,6.15,6.09,8,6,9,21.65,3,37,1,7.36,0.1,1
24.14,9.68,7.68,9.64,3,6,6,12.19,3,39,1,9.02,0.61,1
41.93,8.09,5.63,8.05,9,5,6,27.42,1,44,0,5.39,1.44,1
10.58,8.58,6.8,3.12,3,2,11,31.99,0,37,3,1.78,1.81,0
25.05,9.02,7.4,11.99,1,12,5,14.74,4,40,0,2.67,-0.59,1
20.62,8.51,8.91,1.76,5,8,6,5.13,5,38,1,13.09,0.27,1
23.81,10.0,8.51,0.79,4,5,3,25.42,2,44,0,5.46,-0.11,1
26.12,9.11,6.27,0.94,5,6,11,9.24,2,36,1,13.55,4.99,1
79.36,9.42,5.01,8.76,3,4,5,17.34,2,42,0,11.93,-0.55,1
38.88,6.63,7.87,2.3,2,4,4,24.41,4,43,0,5.84,0.09,1
43.08,3.12,8.08,6.63,4,3,7,11.35,5,43,1,11.07,-0.72,1
21.99,8.04,8.08,1.17,4,3,5,25.03,2,42,3,8.29,-0.74,1
23.01,8.56,7.08,3.57,5,5,9,20.22,1,43,2,6.82,3.65,0
11.52,4.1,6.17,6.21,8,3,5,26.07,5,41,0,4.77,1.33,0
47.18,5.95,7.71,3.41,9,5,2,30.55,2,36,0,12.2,-0.76,1
40.58,2.92,6.19,6.39,4,4,10,25.78,0,45,1,5.65,-0.47,1
30.26,7.72,5.64,9.37,3,4,4,22.57,3,37,1,12.23,4.55,1
8.12,8.76,7.71,1.91,2,5,5,14.39,1,43,0,4.35,3.08,0
18.64,7.86,8.77,1.27,5,2,4,22.16,1,36,1,9.04,0.17,1
26.34,7.43,7.58,1.31,5,6,10,17.74,1,40,0,10.74,1.19,1
7.69,6.97,5.83,0.61,4,10,4,9.88,4,41,1,9.72,2.15,0
82.77,4.79,8.19,11.88,4,10,5,24.05,3,38,2,8.32,1.37,1
64.51,7.47,7.39,2.32,5,5,6,45.09,2,42,1,3.41,1.77,1
13.74,1.64,7.11,2.46,1,5,7,12.41,4,37,1,6.39,1.07,0
53.95,9.56,4.54,1.13,5,3,10,13.28,3,43,2,6.66,1.87,1
36.82,8.42,5.93,0.81,5,5,4,9.29,1,45,0,7.43,0.17,1
4.57,9.34,7.59,1.98,4,7,2,13.14,6,39,2,9.66,-0.56,0
23.54,7.23,9.01,2.85,2,8,9,36.64,4,40,1,0.61,3.98,0
13.13,6.3,9.61,1.02,4,3,6,4.64,3,40,0,10.48,0.76,1
48.89,6.46,7.15,2.98,5,6,5,7.64,3,37,1,5.76,1.07,1
8.33,10.0,8.8,3.07,2,7,6,14.46,2,36,3,7.52,3.29,0
36.31,8.22,8.26,0.64,3,4,2,40.17,2,36,1,6.25,3.2,1
7.96,10.0,6.89,0.88,3,8,6,6.73,2,38,0,8.07,1.14,0
24.41,5.31,7.09,12.99,4,8,7,0.71,2,44,0,6.23,2.05,1
26.42,7.88,7.99,0.09,5,7,5,26.19,3,44,1,5.01,-1.52,1
81.49,8.06,8.54,4.4,1,1,6,3.75,4,40,2,5.44,2.28,1
5.15,6.78,6.64,5.5,5,3,3,30.53,1,39,0,6.48,-2.04,0
9.71,10.0,6.88,22.01,3,4,3,26.6,5,45,0,4.52,3.01,1
13.78,7.45,8.26,4.9,7,6,0,34.62,4,44,1,4.71,2.83,0
10.27,10.0,7.33,2.86,4,6,7,8.71,6,36,1,6.72,1.39,0
65.66,8.3,7.62,0.76,1,5,5,27.54,2,42,0,8.32,2.2,1
20.4,9.8,7.68,2.86,7,9,3,16.16,4,41,0,4.41,2.55,1
11.91,8.79,6.06,16.89,4,6,4,13.45,3,43,1,3.83,1.2,1
19.6,5.45,7.76,1.65,2,12,4,10.85,4,38,1,6.13,4.94,1
11.93,8.28,6.41,7.03,5,9,4,7.15,0,40,2,9.65,2.9,1
17.39,7.29,6.6,3.95,2,4,4,19.75,2,46,1,15.06,-2.93,1
40.85,5.7,5.65,10.9,4,5,5,53.34,1,39,0,9.85,-0.88,1
12.39,7.2,5.97,0.62,3,9,7,12.98,4,36,1,10.31,0.06,1
23.05,8.71,6.13,3.76,6,6,5,11.18,4,40,0,2.78,0.61,1
53.04,6.92,7.6,7.3,3,4,4,32.94,3,45,1,6.68,-1.01,1
13.16,6.27,8.25,3.05,3,6,10,25.94,2,44,0,8.2,0.82,0
7.49,8.27,3.29,3.99,6,10,3,16.58,3,41,1,1.11,2.9,0
46.32,8.89,6.07,1.8,1,5,2,8.6,3,42,6,0.84,1.33,1
10.36,8.19,4.09,3.18,8,6,7,7.82,2,41,0,5.19,-1.0,0
13.21,2.02,7.8,4.56,4,8,8,21.9,1,37,3,7.8,2.01,0
21.2,9.16,7.58,1.85,7,4,4,21.85,1,43,0,3.18,1.97,1
11.41,9.78,5.93,13.67,3,3,8,21.28,1,44,0,11.59,3.36,1
36.84,6.81,8.14,1.41,3,4,5,16.47,2,38,3,9.07,2.11,1
14.67,6.15,8.18,3.4,11,3,8,15.73,4,38,0,6.7,0.4,1
35.65,10.0,7.08,3.83,6,3,4,7.2,2,46,0,3.03,1.36,1
29.6,5.08,5.41,0.25,4,6,3,15.8,3,42,1,2.56,-1.52,1
16.68,5.43,6.63,0.5,3,2,5,24.65,5,39,1,9.76,4.73,1
27.73,2.99,8.86,0.83,7,6,4,18.22,2,37,0,9.96,0.57,1
24.19,6.57,6.73,8.06,8,5,5,13.31,3,44,0,8.07,2.69,1
16.67,6.41,8.65,7.99,2,3,4,2.72,2,43,1,7.63,-2.93,1
20.38,3.87,6.31,0.71,2,7,3,0.24,2,36,0,3.49,0.75,1
10.81,7.69,7.73,1.43,3,2,7,12.1,0,40,2,10.73,-0.62,0
9.48,2.87,6.01,8.27,6,7,5,24.67,5,42,1,4.03,1.87,0
26.88,8.4,6.88,4.4,2,8,3,13.05,3,36,0,3.17,-0.75,1
30.38,7.52,6.86,5.72,3,7,0,15.61,3,37,2,7.77,-2.65,1
31.26,6.71,5.21,0.21,1,6,4,18.56,2,41,1,6.21,3.62,1
42.0,8.56,7.37,1.93,7,3,9,16.98,5,46,1,10.24,0.22,1
22.76,9.56,6.86,1.19,3,10,4,35.97,6,40,1,8.02,-3.2,1
32.18,7.47,7.73,5.26,4,3,2,21.59,3,46,1,2.08,3.14,1
21.94,7.34,3.39,3.27,3,4,9,19.58,4,46,2,4.01,5.77,1
36.78,6.67,7.04,1.65,2,5,3,21.3,6,43,0,4.61,0.63,1
28.77,5.12,5.05,2.47,3,2,3,26.09,2,41,0,3.96,0.07,1
17.29,4.71,7.9,5.68,1,4,5,20.45,3,44,1,8.22,4.2,0
48.56,4.43,7.45,1.64,2,6,6,1.84,3,39,2,6.1,-0.58,1
6.9,5.42,10.21,2.18,4,6,4,4.5,2,36,0,4.88,1.46,0
27.48,9.42,7.83,1.06,5,6,7,14.31,3,39,2,5.42,1.22,1
12.33,6.71,7.63,0.18,2,5,2,15.37,6,40,0,4.8,1.22,1
37.76,6.81,6.52,5.88,3,8,6,26.56,5,38,0,7.85,5.45,1
15.95,4.26,7.96,0.17,6,5,4,28.81,6,38,3,5.86,5.03,0
32.6,10.0,7.22,1.35,3,6,4,28.87,1,40,0,5.03,-1.8,1
7.28,7.82,6.95,3.73,7,3,5,28.25,3,45,2,9.55,7.46,0
34.55,8.32,5.68,0.81,1,4,4,52.12,1,37,0,10.03,1.98,0
26.13,9.8,7.28,1.37,3,5,4,37.81,1,43,1,4.02,2.79,1
4.85,8.15,5.5,0.64,6,1,2,37.06,4,44,0,8.18,1.01,0
22.84,8.67,5.72,4.95,3,4,7,9.76,2,37,4,6.17,0.25,1
50.7,3.17,7.97,2.06,5,4,8,10.31,3,42,0,7.91,0.35,1
31.62,6.95,8.17,2.12,3,6,6,26.74,7,45,3,12.13,2.49,1
71.69,6.28,9.28,2.87,4,11,10,15.73,0,41,0,12.08,-2.02,1
25.02,3.49,7.27,1.36,4,5,5,8.19,1,38,1,6.68,3.78,1
42.22,6.96,8.02,1.35,1,6,5,24.41,3,40,1,8.1,1.62,1
26.29,8.71,8.43,6.04,4,2,4,12.83,4,39,0,8.57,1.85,1
23.78,6.85,8.27,6.3,5,9,6,20.51,2,43,1,5.16,0.52,1
14.95,6.46,6.6,5.75,3,4,3,17.54,5,44,2,8.73,0.66,1
27.83,9.74,6.58,0.15,1,8,5,15.24,1,46,1,5.4,-0.09,1
23.11,5.31,8.16,8.68,2,4,6,8.23,3,44,1,4.35,2.54,1
34.91,4.77,6.48,14.9,4,6,4,12.01,1,42,0,4.23,3.45,1
35.3,8.31,6.37,9.96,4,1,7,16.3,0,39,3,4.33,3.71,1
8.49,5.52,9.41,0.19,4,14,4,15.66,2,38,0,5.18,2.28,0
46.27,5.64,5.48,3.19,6,2,4,25.93,1,44,3,9.39,3.18,1
25.56,6.79,7.78,0.58,2,4,3,6.65,1,44,2,7.13,5.63,1
43.56,7.53,6.79,1.05,5,5,8,10.67,5,41,2,5.63,1.18,1
34.46,10.0,8.79,22.56,4,7,4,19.33,5,42,4,8.6,2.43,1
12.55,8.3,8.08,1.29,1,5,2,17.98,4,41,1,3.16,-0.03,1
19.84,9.26,4.71,0.17,2,4,3,50.48,1,40,0,2.67,-1.4,0
57.95,8.67,8.43,2.33,3,5,5,17.8,3,36,1,2.95,1.28,1
19.35,6.17,6.21,6.17,7,2,4,20.77,4,40,0,7.58,1.21,1
30.34,6.74,9.68,4.16,6,6,5,3.32,1,40,1,6.98,3.96,1
13.98,4.78,8.43,7.99,7,4,5,5.06,4,45,1,1.93,3.89,1
23.35,7.7,3.9,1.27,3,5,7,23.99,5,38,1,4.82,2.67,1
20.26,6.01,6.09,3.11,7,10,3,26.13,3,46,0,8.29,-2.28,0
21.94,10.0,7.78,5.92,5,9,7,24.56,6,42,1,7.87,0.79,0
73.64,6.98,4.26,4.81,2,4,4,38.7,1,41,1,9.56,3.62,1
21.15,9.69,6.89,7.06,3,3,6,1.17,1,40,0,12.06,1.26,1
18.09,7.43,6.83,5.1,2,6,7,22.11,3,37,1,2.91,-0.8,1
16.94,7.97,6.98,0.69,4,6,4,7.08,3,43,0,3.16,-0.25,1
18.89,4.05,6.72,2.33,5,3,6,5.77,0,36,0,11.36,4.72,1
16.23,7.23,6.61,12.63,5,4,5,8.25,2,45,0,6.68,1.81,1
8.37,8.48,7.11,0.39,7,7,2,20.8,1,42,1,5.08,3.2,1
68.99,7.01,6.17,0.82,2,8,3,19.11,1,36,1,5.44,4.41,1
57.52,6.43,6.66,2.76,2,7,3,14.44,2,44,2,4.15,-0.35,1
15.93,8.56,8.01,0.3,0,5,4,0.78,4,42,0,8.27,2.19,1
44.0,4.25,6.96,0.39,1,8,6,2.31,2,46,0,7.34,2.82,1
37.37,6.32,6.6,4.83,3,5,2,25.4,1,38,1,2.57,-1.27,1
67.54,7.63,8.13,3.86,4,6,4,27.63,4,43,1,4.96,1.33,1
21.52,9.43,6.15,17.99,2,4,5,1.67,3,45,1,3.66,2.83,1
14.7,7.56,6.11,5.32,7,7,6,15.29,3,36,1,6.81,-1.01,0
21.11,2.72,4.72,1.88,3,3,4,40.96,2,37,0,0.88,-0.07,0
56.41,9.48,6.89,0.49,4,8,10,22.42,1,36,2,10.57,0.34,1
3.9,6.66,7.33,13.52,3,5,5,16.83,3,46,2,10.44,2.81,0
34.35,8.7,8.64,1.49,1,3,3,8.26,0,42,0,10.52,3.99,1
33.04,5.9,7.91,5.55,1,6,5,14.2,7,36,0,9.4,2.87,1
10.38,4.79,5.27,1.04,6,2,3,30.25,4,40,1,5.34,4.12,0
28.08,9.77,7.28,3.95,1,4,3,26.64,3,42,2,6.11,1.76,1
22.68,7.37,6.89,0.28,3,5,8,17.48,4,45,0,6.71,2.03,0
82.44,9.55,6.17,4.28,7,4,7,11.66,3,39,0,8.05,4.29,1
54.23,8.94,6.47,8.03,8,5,8,26.58,3,44,2,6.18,-1.12,1
7.14,6.0,7.86,2.66,4,7,5,32.88,4,37,2,2.42,3.51,0
22.65,7.7,7.13,2.41,3,6,4,29.68,2,37,0,4.41,1.9,1
12.6,9.34,7.57,6.4,4,3,6,7.73,7,46,1,5.97,0.29,1
46.45,10.0,5.48,1.8,2,6,4,7.25,3,44,2,6.26,1.01,1
30.58,6.58,4.38,2.11,6,5,4,0.25,1,36,1,2.03,0.28,1
17.42,10.0,7.26,3.39,3,7,5,25.32,4,43,0,8.47,0.63,0
16.42,6.43,5.12,6.05,4,4,1,7.82,2,38,1,4.44,1.84,1
16.52,7.75,6.61,9.1,3,4,8,26.4,4,43,1,9.24,1.08,1
21.7,8.55,8.48,0.39,1,7,4,8.68,2,42,1,7.4,2.93,1
41.88,10.0,7.74,7.02,6,2,6,35.63,2,45,0,4.37,-1.0,1
26.74,8.16,5.6,14.08,4,6,6,15.39,1,46,0,12.25,0.86,1
4.69,7.29,6.16,3.27,6,7,6,13.26,2,46,0,6.23,-0.13,1
23.88,6.76,7.9,9.89,2,2,6,14.54,1,39,0,10.46,2.25,1
19.34,8.54,5.61,6.39,4,7,0,22.16,6,39,1,8.17,-0.04,1
32.96,7.9,7.24,0.55,4,6,8,16.75,2,44,1,7.86,-1.75,1
9.61,5.7,6.63,0.37,3,7,6,11.36,2,39,0,8.33,0.06,0
30.52,3.29,5.57,2.56,5,2,8,17.93,5,38,0,7.99,1.21,1
31.65,5.9,7.25,0.96,2,2,7,18.75,2,40,2,9.63,3.66,1
16.62,3.94,4.8,11.98,5,5,4,6.8,2,38,3,7.86,-1.01,1
25.24,6.81,10.2,0.67,7,6,5,28.28,2,37,1,6.41,2.69,0
6.69,5.23,6.54,0.22,5,3,4,18.67,5,38,1,9.2,-2.65,0
37.87,5.71,8.24,4.44,2,4,3,23.37,2,40,2,2.57,-0.79,1
17.31,9.84,4.77,2.25,9,7,8,10.84,2,40,1,4.87,1.68,1
15.32,4.21,6.15,0.42,0,6,2,46.14,3,40,3,6.4,4.36,0
45.6,7.84,5.23,0.97,4,2,3,11.46,3,46,3,6.9,2.43,1
16.73,8.99,6.45,1.66,5,7,2,33.8,3,39,1,8.3,4.7,0
39.92,8.06,7.81,4.02,3,10,3,9.01,5,39,1,8.29,-2.05,1
24.45,6.27,5.59,6.6,2,7,6,16.62,3,42,1,6.5,-0.31,1
19.53,8.32,6.45,0.21,8,4,10,22.55,3,46,2,11.23,1.98,1
20.8,3.92,6.36,0.84,2,5,10,16.17,3,40,2,7.62,-0.36,1
32.54,10.0,5.4,2.8,5,6,3,15.04,5,41,1,5.46,0.8,1
21.64,5.92,7.07,2.47,4,8,3,40.03,3,45,1,4.32,0.49,1
18.98,6.61,7.43,4.37,4,6,3,29.3,2,45,0,5.93,2.57,1
11.24,3.44,6.05,17.13,1,1,7,1.23,4,43,1,2.86,0.74,1
13.79,7.47,8.26,5.66,0,7,3,13.28,3,45,1,10.22,0.35,1
14.72,8.61,5.58,2.09,2,10,5,20.83,3,42,1,6.27,1.24,0
34.67,7.07,6.93,2.25,5,9,2,22.73,3,42,2,3.99,1.93,1
25.61,3.18,7.26,0.26,3,4,7,18.4,5,45,2,9.33,3.35,1
36.44,7.29,6.56,14.86,3,3,3,14.69,3,36,1,0.31,4.64,1
25.58,4.71,6.78,0.02,5,8,5,9.22,6,36,1,10.44,2.47,1
37.8,4.24,7.64,3.42,3,6,7,9.24,4,41,1,7.74,3.23,1
23.59,4.49,8.88,0.96,2,4,5,22.41,2,38,1,2.48,2.55,1
27.88,7.47,6.24,1.43,0,4,6,14.58,3,37,1,10.58,-1.3,1
35.81,3.8,5.63,3.04,0,4,4,21.2,5,39,2,7.76,2.14,1
32.49,8.23,6.09,4.84,1,4,1,33.86,2,46,2,9.54,4.95,1
9.49,9.89,6.99,1.71,2,5,6,33.84,3,38,1,12.2,0.8,0
15.06,5.57,5.9,19.13,3,12,3,12.56,2,38,2,7.95,-0.54,1
37.23,6.24,8.66,2.28,2,3,8,26.89,7,41,0,9.46,2.39,1
25.15,7.2,5.93,3.28,4,8,2,13.39,3,43,2,6.89,1.27,1
10.61,5.92,7.21,9.71,2,7,3,23.71,7,46,0,4.18,0.9,0
12.51,8.71,7.09,2.81,3,8,5,14.48,3,38,0,4.15,2.38,0
39.19,10.0,7.64,1.84,4,4,5,14.68,2,40,2,3.08,2.42,1
56.91,9.18,5.34,6.36,1,2,9,8.39,2,40,2,5.58,-0.04,1
33.22,6.97,6.72,1.91,4,4,4,16.95,4,37,2,3.91,0.48,1
31.15,9.95,7.48,6.14,2,3,5,5.11,2,36,1,7.51,2.46,1
20.7,7.37,9.11,3.0,5,3,4,34.7,1,38,1,4.11,3.14,0
25.1,7.48,6.97,9.31,4,5,5,24.81,2,40,1,9.13,1.5,1
26.0,7.39,8.6,0.63,4,9,6,5.4,2,40,0,9.11,3.38,1
34.8,8.92,7.27,2.19,11,1,8,0.69,4,42,0,11.49,-0.41,1
17.97,7.87,7.45,10.92,6,3,7,6.77,0,42,1,7.31,0.25,1
17.51,6.42,6.92,2.49,5,5,7,26.51,4,38,0,6.96,1.47,1
33.17,6.61,5.31,2.52,2,8,2,7.75,1,36,0,3.41,2.41,1
34.21,7.77,7.37,9.55,4,5,3,9.29,4,39,2,10.99,2.75,1
9.39,7.09,5.29,6.26,3,4,7,36.04,1,44,3,10.07,0.89,0
9.1,7.44,7.71,1.05,4,10,4,21.81,2,37,0,7.91,3.16,0
32.55,10.0,6.87,2.82,7,5,8,13.18,1,43,1,0.28,2.23,1
39.1,5.94,7.77,2.89,5,1,6,45.02,2,39,0,11.16,2.9,1
16.08,7.73,6.26,1.3,3,1,6,25.37,0,36,1,10.47,1.88,1
24.31,10.0,6.48,0.92,4,5,7,28.58,3,43,1,5.99,3.08,1
35.58,6.12,4.31,11.61,5,6,2,1.19,1,46,0,9.55,3.65,1
26.38,9.64,10.0,2.76,9,5,5,10.62,3,37,0,7.38,4.47,1
22.12,5.59,6.37,6.37,2,3,5,10.89,2,42,1,7.19,0.8,1
23.41,6.87,7.9,2.09,4,3,4,30.87,2,42,0,3.99,1.52,1
18.69,6.05,8.29,6.07,3,4,5,34.48,3,39,0,11.15,1.94,0
24.6,8.65,6.52,2.08,6,4,6,13.83,3,37,1,4.55,1.95,1
12.96,8.04,8.19,5.52,3,9,5,26.18,3,44,0,12.16,0.99,0
17.66,3.6,6.29,1.08,6,7,9,15.76,1,37,2,7.66,1.28,0
96.33,7.78,6.46,1.44,4,4,3,16.61,3,45,0,6.05,1.9,1
17.45,7.14,6.04,2.17,3,3,4,15.04,2,46,1,1.12,-0.02,1
5.48,8.2,4.98,0.49,5,4,3,31.09,2,38,2,8.81,1.21,0
19.54,6.27,6.44,5.14,3,4,2,22.32,1,36,1,1.09,2.05,1
26.76,7.24,7.2,1.58,7,4,6,28.34,4,39,0,1.05,-0.18,1
46.83,5.63,5.49,2.21,7,5,2,3.57,4,45,0,4.41,2.92,1
26.03,9.63,5.47,24.38,2,3,5,6.93,3,46,0,13.13,-2.17,1
36.65,10.0,7.28,1.27,5,4,4,18.55,1,44,1,5.34,-0.99,1
7.33,8.34,6.34,8.34,5,4,5,23.11,1,39,2,8.19,1.02,0
20.4,6.69,9.58,4.64,1,5,5,28.62,1,44,0,8.27,2.18,1
24.74,10.0,8.13,0.27,5,4,6,25.43,1,41,1,9.14,2.43,1
8.87,7.46,6.75,1.96,4,6,6,28.35,4,45,1,8.38,1.87,0
58.31,6.8,7.42,7.96,5,6,5,15.73,3,40,2,8.16,0.31,1
6.6,6.55,7.93,1.81,2,10,7,9.08,3,44,2,6.65,3.93,0
24.93,10.0,4.54,4.06,4,6,2,17.83,4,40,0,11.43,1.28,1
12.49,6.94,6.47,0.66,3,3,6,7.69,3,39,2,4.92,3.59,0
27.9,9.21,6.21,20.77,5,2,7,18.9,5,44,4,4.56,0.57,1
40.85,8.88,6.43,5.0,5,6,5,3.22,3,37,1,4.42,4.6,1
25.2,8.29,6.52,7.65,7,4,2,17.39,2,37,2,5.05,-0.44,1
15.21,6.19,5.28,2.03,4,3,5,10.5,1,44,1,8.85,-0.28,0
35.35,9.66,7.88,0.09,1,3,10,11.08,0,44,1,10.07,2.0,1
35.67,10.0,7.73,1.51,3,3,6,29.63,4,44,1,2.57,2.17,1
53.27,9.72,6.54,2.17,6,4,4,31.51,6,38,0,11.71,0.81,1
10.74,8.35,7.09,8.48,3,5,4,4.27,4,37,0,5.52,0.81,1
5.16,7.35,4.24,13.21,6,8,2,39.82,4,39,0,1.83,8.04,0
12.05,8.33,8.12,8.68,5,2,4,20.28,2,38,0,8.33,-1.01,1
80.94,10.0,6.27,2.67,6,3,5,29.26,2,38,0,2.07,3.54,1
15.45,8.61,7.84,0.28,1,9,8,25.31,4,37,0,4.95,4.6,0
23.74,3.46,7.71,0.68,11,5,9,34.56,1,40,0,7.07,1.71,0
34.48,10.0,6.37,2.15,3,5,3,11.84,3,43,0,6.29,2.27,1
13.48,7.06,4.37,10.24,4,3,6,9.15,3,42,3,4.63,0.55,1
12.74,7.0,8.75,17.94,4,4,4,6.67,5,39,3,10.68,4.62,1
53.2,6.42,6.79,3.26,5,5,4,21.33,4,43,3,7.37,4.95,1
52.59,5.92,6.34,0.37,3,3,3,17.79,1,43,2,4.3,4.38,1
24.27,10.0,7.47,0.79,4,3,7,2.53,3,37,3,7.21,-2.35,1
20.2,5.79,8.16,0.05,3,2,4,15.13,3,43,2,7.51,4.54,1
31.23,7.26,6.93,9.08,3,8,7,21.22,2,37,3,0.78,0.47,1
49.92,7.13,9.1,4.16,5,6,3,22.6,1,45,0,10.5,1.93,1
34.74,8.45,7.01,0.67,3,4,4,21.81,7,44,0,9.12,1.46,1
25.85,7.62,7.89,0.29,4,8,6,10.17,5,38,0,4.85,5.05,1
16.67,7.93,6.95,1.65,4,4,5,1.86,2,45,2,8.94,-0.6,1
12.26,7.99,6.04,9.04,6,5,5,21.31,1,37,1,5.51,-0.85,0
20.26,9.67,8.62,1.19,3,6,4,26.75,2,38,0,2.21,0.95,1
17.92,5.34,6.64,0.87,3,5,2,22.23,2,43,2,9.7,3.37,1
25.26,8.62,7.14,3.03,6,2,4,16.14,3,45,1,4.69,-1.93,1
38.63,6.91,6.59,4.24,5,7,7,27.9,3,42,2,6.51,0.53,1
66.56,4.32,9.03,7.13,4,8,4,16.57,5,38,0,0.69,1.58,1
17.96,4.72,7.19,4.72,3,5,4,29.67,4,45,0,5.92,1.85,0
17.35,8.73,7.58,1.19,7,9,4,6.82,1,40,0,7.14,0.8,1
12.1,4.74,5.52,1.36,2,9,7,6.82,3,46,0,5.0,2.7,0
23.32,10.0,4.97,4.09,1,7,4,12.51,2,43,0,8.52,3.59,1
9.59,6.71,6.8,6.81,3,4,8,9.12,6,38,1,4.25,-2.6,0
12.89,6.83,9.02,1.16,7,4,3,31.9,4,41,1,5.2,3.38,0
18.63,7.93,6.16,5.1,6,5,4,9.46,4,45,0,5.21,3.45,1
9.68,9.13,7.4,1.68,6,8,4,18.25,3,41,3,8.01,1.65,0
47.23,8.5,7.44,2.81,5,5,6,26.64,3,41,0,4.7,1.25,1
20.83,10.0,6.98,4.77,2,7,7,19.68,6,39,1,1.86,-1.22,1
14.04,9.12,7.28,2.68,5,2,3,2.21,6,46,1,12.65,4.17,1
48.9,6.69,7.76,6.13,4,4,8,32.24,6,44,0,13.17,-1.87,1
96.44,8.54,8.91,6.09,10,5,4,12.09,7,44,0,7.01,1.13,1
100.73,9.34,5.02,2.43,1,3,3,18.21,9,44,1,5.11,0.69,1
46.65,10.0,8.81,20.86,4,6,7,12.05,2,36,1,12.37,0.43,1
41.66,6.0,7.18,2.59,3,4,4,26.75,3,39,1,5.89,1.96,1
34.24,4.91,5.96,0.73,1,11,7,23.68,3,40,1,11.85,-1.08,1
6.53,4.02,3.58,12.02,6,3,3,17.34,3,44,1,2.78,1.63,0
77.61,7.65,6.54,4.09,5,6,7,20.42,3,43,3,8.45,-2.42,1
49.45,8.64,5.84,1.27,3,11,5,16.47,4,40,1,9.54,2.24,1
76.4,3.75,8.14,5.08,2,5,6,18.38,4,39,1,9.21,0.34,1
23.9,4.17,4.3,0.49,6,6,3,28.78,1,40,2,4.7,-0.39,1
21.51,8.09,7.41,4.49,4,3,3,17.75,4,37,1,7.12,2.27,1
39.96,5.14,9.54,16.48,5,7,4,13.96,4,45,0,2.3,0.93,1
5.79,6.83,5.59,2.34,3,4,4,2.79,2,46,0,8.98,-0.12,0
6.34,3.64,5.88,2.8,3,1,10,14.3,6,37,0,9.44,2.75,1
18.67,7.92,5.14,2.82,9,7,4,33.9,4,45,2,10.02,6.32,0
55.2,4.32,7.01,9.93,4,2,5,3.51,4,38,4,8.4,2.37,1
83.85,7.76,6.36,1.42,3,6,4,20.52,5,46,2,6.65,1.87,1
47.13,7.87,7.0,3.97,6,4,3,10.29,1,46,0,1.63,0.96,1
21.74,8.13,8.64,6.41,6,6,6,32.58,0,38,1,11.49,1.0,1
20.27,8.29,6.23,18.7,4,4,4,23.26,0,38,0,1.2,2.74,1
7.82,9.71,7.63,6.58,1,6,4,12.13,4,40,0,11.7,0.74,1
18.65,3.9,8.27,7.3,5,5,7,28.52,4,38,4,9.88,4.25,0
29.21,6.57,7.81,0.66,5,1,2,25.64,3,44,0,10.45,1.87,1
34.89,7.03,7.79,3.04,4,7,7,31.53,2,41,1,7.04,2.67,1
17.34,5.46,6.6,0.09,4,8,5,6.11,5,42,2,6.66,4.39,1
30.54,5.91,8.92,0.18,2,3,4,44.83,4,36,4,4.56,2.79,1
16.69,9.27,8.4,2.91,2,7,3,28.82,6,40,1,5.86,3.16,0
17.11,6.39,8.28,6.11,4,3,5,23.2,7,40,1,5.84,3.0,0
57.45,4.14,7.66,0.34,3,12,9,25.89,2,37,1,14.43,0.79,1
46.14,5.32,4.0,1.57,3,4,2,25.4,4,37,3,6.55,2.39,1
28.33,6.94,5.62,0.11,6,5,1,23.76,2,36,1,9.0,-2.03,1
23.57,6.26,6.56,2.11,3,5,4,19.26,1,41,0,3.86,-0.4,1
70.29,9.63,5.73,0.92,10,4,5,20.09,4,46,0,13.04,-1.2,1
17.61,6.93,7.64,9.79,5,6,4,9.99,1,43,2,6.26,0.65,0
26.23,6.07,5.25,9.46,5,4,6,20.25,2,37,1,8.68,0.27,1
27.75,7.17,7.85,2.55,2,4,8,7.51,3,38,2,9.29,0.02,1
22.53,9.24,8.04,1.14,1,4,3,21.66,2,39,1,9.18,0.99,1
20.04,10.0,5.64,0.82,5,6,7,26.2,1,36,1,4.14,3.92,1
13.12,9.44,5.66,9.47,4,8,2,14.34,1,42,0,6.23,3.33,1
19.68,5.19,7.03,3.7,2,3,4,28.31,2,43,1,7.47,3.75,1
31.33,3.92,6.76,2.94,5,4,8,29.71,5,38,2,6.82,3.33,1
24.72,9.93,6.88,5.07,4,4,4,26.16,3,42,1,6.01,-2.27,1
22.5,6.88,7.12,0.88,3,3,5,5.97,2,42,1,5.96,-0.15,1
36.32,6.86,7.58,16.07,4,4,9,3.19,4,40,2,2.84,5.0,1
20.79,5.99,6.17,1.57,5,2,9,9.88,5,39,2,6.51,0.35,1
56.12,9.2,7.33,4.03,2,3,4,14.43,4,40,1,1.87,1.37,1
59.17,10.0,8.42,1.49,6,3,5,12.51,5,40,2,1.46,3.67,1
12.6,5.59,5.95,3.81,4,2,3,20.88,5,37,1,4.21,0.7,0
38.54,3.88,5.94,0.41,2,8,5,39.86,7,39,1,2.62,3.57,1
33.81,5.85,6.74,1.38,4,3,5,23.48,5,40,0,11.47,4.73,1
25.1,10.0,8.74,0.95,0,1,12,20.26,6,39,4,7.1,3.35,1
26.17,10.0,6.08,8.47,7,5,7,20.17,3,37,0,4.2,2.23,1
16.93,9.93,7.54,0.1,1,6,4,11.07,2,38,1,1.56,0.92,1
21.93,8.34,8.3,1.47,3,7,2,8.52,6,42,0,14.44,3.73,1
14.33,7.82,6.54,2.14,6,7,4,21.1,3,38,1,3.73,-0.59,0
16.63,10.0,6.4,1.11,6,3,2,40.35,0,39,0,10.35,5.2,0
7.24,5.99,4.91,1.59,6,2,6,30.73,8,43,1,6.58,-1.63,0
23.14,7.16,5.63,0.92,4,4,4,10.62,4,44,1,11.88,0.86,1
20.84,9.57,7.0,1.4,5,1,5,24.75,4,37,0,10.23,-2.84,0
18.65,3.36,8.67,0.87,0,3,5,10.4,3,44,0,7.2,2.36,1
10.57,7.6,6.57,18.52,4,4,7,13.43,2,41,1,7.75,3.15,1
36.38,9.22,8.25,4.7,3,5,4,26.49,3,46,1,12.15,1.18,1
10.95,7.39,7.75,0.14,2,3,4,11.05,1,41,1,6.92,2.39,1
30.19,6.11,10.26,6.4,5,8,5,10.38,1,45,2,2.21,1.77,1
23.52,5.96,5.23,7.99,1,2,3,31.44,6,46,1,5.09,-2.26,1
27.67,7.58,8.16,5.7,5,6,5,36.47,2,43,3,3.36,0.24,1
38.04,4.96,6.1,1.97,4,6,3,25.64,3,45,0,9.27,0.96,1
33.44,4.81,7.2,1.65,2,6,5,40.9,3,38,1,6.68,3.14,1
27.62,4.7,4.38,1.98,4,9,3,16.54,3,41,1,8.41,0.82,1
7.75,7.34,7.43,12.49,3,4,6,15.32,2,45,0,8.39,4.18,0
31.93,6.55,7.58,0.47,4,4,8,6.21,5,41,1,10.51,-0.63,1
32.91,10.0,7.17,2.62,3,9,3,16.66,6,42,0,6.46,1.99,1
16.44,4.48,6.71,0.41,6,4,4,25.18,2,43,1,5.08,1.77,0
6.75,10.0,6.04,0.07,2,7,4,34.09,2,43,1,5.03,0.37,0
26.94,10.0,5.19,0.44,0,2,5,18.02,4,39,0,6.75,0.81,1
56.73,9.39,6.27,2.71,4,0,6,9.55,2,39,2,11.04,1.31,1
28.13,10.0,9.48,7.25,1,6,4,33.08,3,43,1,12.69,1.26,1
35.4,4.57,8.26,0.11,5,7,6,33.68,3,44,3,3.31,2.81,1
42.85,10.0,7.84,3.29,3,4,3,26.2,1,42,0,6.73,-0.01,1
49.51,6.7,7.27,2.85,5,8,4,24.73,1,45,2,10.23,-0.44,1
45.31,7.36,5.06,6.18,10,9,7,10.65,3,36,0,8.16,4.8,1
17.85,8.86,6.61,3.89,2,4,2,15.81,2,39,1,8.32,-0.38,1
18.84,6.18,7.65,7.63,6,6,6,30.75,2,46,0,4.42,0.55,0
18.79,9.27,4.67,3.87,5,5,4,4.37,4,43,0,8.84,5.0,1
54.83,8.47,4.66,2.89,4,12,7,30.48,3,40,2,5.03,0.01,1
11.74,6.73,7.36,4.43,5,2,4,5.01,4,43,3,7.3,-1.11,1
14.38,8.93,4.93,0.46,10,5,9,28.07,4,43,2,9.2,3.24,0
7.22,5.17,6.26,0.36,2,6,1,19.12,3,43,0,9.04,2.94,0
